,model,params,score
0,"Pipeline(steps=[('scaler', StandardScaler()),
                ('model',
                 LogisticRegression(C=0.1, l1_ratio=1, max_iter=1000,
                                    penalty='elasticnet', random_state=42,
                                    solver='saga'))])","{'model__l1_ratio': 1, 'model__class_weight': None, 'model__C': 0.1}",0.6631000028843038
1,"Pipeline(steps=[('scaler', StandardScaler()),
                ('model',
                 KNeighborsClassifier(metric='euclidean', n_jobs=1,
                                      n_neighbors=31))])","{'model__weights': 'uniform', 'model__n_neighbors': 31, 'model__metric': 'euclidean'}",0.6422571439941626
2,DecisionTreeClassifier(max_depth=10),"{'min_samples_leaf': 1, 'max_depth': 10, 'criterion': 'gini'}",0.6594857167209781
3,"RandomForestClassifier(max_depth=15, min_samples_leaf=5, n_estimators=200,
                       n_jobs=1)","{'n_estimators': 200, 'min_samples_leaf': 5, 'max_features': 'sqrt', 'max_depth': 15}",0.6669114300190557
4,GaussianNB(),{'var_smoothing': 1e-09},0.6453685720023751
5,"XGBClassifier(base_score=None, booster=None, callbacks=None,
              colsample_bylevel=None, colsample_bynode=None,
              colsample_bytree=None, device=None, early_stopping_rounds=None,
              enable_categorical=False, eval_metric='logloss',
              feature_types=None, gamma=None, grow_policy=None,
              importance_type=None, interaction_constraints=None,
              learning_rate=0.1, max_bin=None, max_cat_threshold=None,
              max_cat_to_onehot=None, max_delta_step=None, max_depth=5,
              max_leaves=None, min_child_weight=None, missing=nan,
              monotone_constraints=None, multi_strategy=None, n_estimators=200,
              n_jobs=1, num_parallel_tree=None, random_state=42, ...)","{'n_estimators': 200, 'max_depth': 5, 'learning_rate': 0.1}",0.680117144313149
