obs_date,is_recession,is_recession_predicted,recession_probability,predicted_at
1971-06-30T20:00:00.000-04:00,0.0,0,0.05001935434394922,2026-03-17T13:22:52.822-04:00
1971-07-31T20:00:00.000-04:00,0.0,0,0.06650034018663875,2026-03-17T13:22:52.822-04:00
1971-08-31T20:00:00.000-04:00,0.0,0,0.0610531242727268,2026-03-17T13:22:52.822-04:00
1971-09-30T20:00:00.000-04:00,0.0,0,0.02410798496041988,2026-03-17T13:22:52.822-04:00
1971-10-31T19:00:00.000-05:00,0.0,0,0.084748850740901,2026-03-17T13:22:52.822-04:00
1971-11-30T19:00:00.000-05:00,0.0,0,0.3146766527182461,2026-03-17T13:22:52.822-04:00
1971-12-31T19:00:00.000-05:00,0.0,0,0.35300716799591825,2026-03-17T13:22:52.822-04:00
1972-01-31T19:00:00.000-05:00,0.0,0,0.0823449462443262,2026-03-17T13:22:52.822-04:00
1972-02-29T19:00:00.000-05:00,0.0,0,0.024508978437091322,2026-03-17T13:22:52.822-04:00
1972-03-31T19:00:00.000-05:00,0.0,0,0.010965208646793845,2026-03-17T13:22:52.822-04:00
1972-04-30T20:00:00.000-04:00,0.0,0,0.011043839441758685,2026-03-17T13:22:52.822-04:00
1972-05-31T20:00:00.000-04:00,0.0,0,0.013691919735002167,2026-03-17T13:22:52.822-04:00
1972-06-30T20:00:00.000-04:00,0.0,0,0.017869038950950156,2026-03-17T13:22:52.822-04:00
1972-07-31T20:00:00.000-04:00,0.0,0,0.018735415352641782,2026-03-17T13:22:52.822-04:00
1972-08-31T20:00:00.000-04:00,0.0,0,0.013290229530199538,2026-03-17T13:22:52.822-04:00
1972-09-30T20:00:00.000-04:00,0.0,0,0.036714954403400446,2026-03-17T13:22:52.822-04:00
1972-10-31T19:00:00.000-05:00,0.0,0,0.011472426799956637,2026-03-17T13:22:52.822-04:00
1972-11-30T19:00:00.000-05:00,0.0,0,0.005845506940660328,2026-03-17T13:22:52.822-04:00
1972-12-31T19:00:00.000-05:00,0.0,0,7.204022271815047E-4,2026-03-17T13:22:52.822-04:00
1973-01-31T19:00:00.000-05:00,0.0,0,0.004516852783898351,2026-03-17T13:22:52.822-04:00
1973-02-28T19:00:00.000-05:00,0.0,0,0.004191901875083892,2026-03-17T13:22:52.822-04:00
1973-03-31T19:00:00.000-05:00,0.0,0,0.06923794261140637,2026-03-17T13:22:52.822-04:00
1973-04-30T20:00:00.000-04:00,0.0,0,0.03398449068540199,2026-03-17T13:22:52.822-04:00
1973-05-31T20:00:00.000-04:00,0.0,0,0.07198892378699129,2026-03-17T13:22:52.822-04:00
1973-06-30T20:00:00.000-04:00,0.0,0,0.010808948617857084,2026-03-17T13:22:52.822-04:00
1973-07-31T20:00:00.000-04:00,0.0,0,0.05357017588125079,2026-03-17T13:22:52.822-04:00
1973-08-31T20:00:00.000-04:00,0.0,0,0.16173945552140034,2026-03-17T13:22:52.822-04:00
1973-09-30T20:00:00.000-04:00,0.0,1,0.7382077062027678,2026-03-17T13:22:52.822-04:00
1973-10-31T19:00:00.000-05:00,0.0,1,0.8263229105879938,2026-03-17T13:22:52.822-04:00
1973-11-30T19:00:00.000-05:00,1.0,1,0.9535389161939282,2026-03-17T13:22:52.822-04:00
1973-12-31T19:00:00.000-05:00,1.0,1,0.9883334714319221,2026-03-17T13:22:52.822-04:00
1974-01-31T20:00:00.000-04:00,1.0,1,0.9887967319498062,2026-03-17T13:22:52.822-04:00
1974-02-28T20:00:00.000-04:00,1.0,1,0.9479728240922509,2026-03-17T13:22:52.822-04:00
1974-03-31T20:00:00.000-04:00,1.0,1,0.5748460713346806,2026-03-17T13:22:52.822-04:00
1974-04-30T20:00:00.000-04:00,1.0,0,0.2082465623558546,2026-03-17T13:22:52.822-04:00
1974-05-31T20:00:00.000-04:00,1.0,1,0.6411045429149491,2026-03-17T13:22:52.822-04:00
1974-06-30T20:00:00.000-04:00,1.0,1,0.858749111613927,2026-03-17T13:22:52.822-04:00
1974-07-31T20:00:00.000-04:00,1.0,1,0.9784538764940777,2026-03-17T13:22:52.822-04:00
1974-08-31T20:00:00.000-04:00,1.0,1,0.9980993962613015,2026-03-17T13:22:52.822-04:00
1974-09-30T20:00:00.000-04:00,1.0,1,0.9997595107835031,2026-03-17T13:22:52.822-04:00
1974-10-31T19:00:00.000-05:00,1.0,1,0.9999487014158019,2026-03-17T13:22:52.822-04:00
1974-11-30T19:00:00.000-05:00,1.0,1,0.9999709485938112,2026-03-17T13:22:52.822-04:00
1974-12-31T19:00:00.000-05:00,1.0,1,0.999998618590464,2026-03-17T13:22:52.822-04:00
1975-01-31T19:00:00.000-05:00,1.0,1,0.9999628532478506,2026-03-17T13:22:52.822-04:00
1975-02-28T20:00:00.000-04:00,1.0,1,0.9998529381653855,2026-03-17T13:22:52.822-04:00
1975-03-31T20:00:00.000-04:00,0.0,1,0.9415671661012789,2026-03-17T13:22:52.822-04:00
1975-04-30T20:00:00.000-04:00,0.0,1,0.9500790008515069,2026-03-17T13:22:52.822-04:00
1975-05-31T20:00:00.000-04:00,0.0,0,0.08614203629763795,2026-03-17T13:22:52.822-04:00
1975-06-30T20:00:00.000-04:00,0.0,0,0.0031947254275556114,2026-03-17T13:22:52.822-04:00
1975-07-31T20:00:00.000-04:00,0.0,0,3.300348062521552E-4,2026-03-17T13:22:52.822-04:00
1975-08-31T20:00:00.000-04:00,0.0,0,0.002364261440971238,2026-03-17T13:22:52.822-04:00
1975-09-30T20:00:00.000-04:00,0.0,0,0.01800623845046667,2026-03-17T13:22:52.822-04:00
1975-10-31T19:00:00.000-05:00,0.0,0,0.02574750985431462,2026-03-17T13:22:52.822-04:00
1975-11-30T19:00:00.000-05:00,0.0,0,0.017173482131491613,2026-03-17T13:22:52.822-04:00
1975-12-31T19:00:00.000-05:00,0.0,0,0.004090537455407439,2026-03-17T13:22:52.822-04:00
1976-01-31T19:00:00.000-05:00,0.0,0,9.249272741916892E-4,2026-03-17T13:22:52.822-04:00
1976-02-29T19:00:00.000-05:00,0.0,0,8.928789476234655E-4,2026-03-17T13:22:52.822-04:00
1976-03-31T19:00:00.000-05:00,0.0,0,0.006379529646040605,2026-03-17T13:22:52.822-04:00
1976-04-30T20:00:00.000-04:00,0.0,0,0.0019508310150991859,2026-03-17T13:22:52.822-04:00
1976-05-31T20:00:00.000-04:00,0.0,0,0.01055704520268963,2026-03-17T13:22:52.822-04:00
1976-06-30T20:00:00.000-04:00,0.0,0,0.027963946248874993,2026-03-17T13:22:52.822-04:00
1976-07-31T20:00:00.000-04:00,0.0,0,0.14791759451233089,2026-03-17T13:22:52.822-04:00
1976-08-31T20:00:00.000-04:00,0.0,0,0.03436036199825976,2026-03-17T13:22:52.822-04:00
1976-09-30T20:00:00.000-04:00,0.0,0,0.020650716986847728,2026-03-17T13:22:52.822-04:00
1976-10-31T19:00:00.000-05:00,0.0,0,0.03514577536072683,2026-03-17T13:22:52.822-04:00
1976-11-30T19:00:00.000-05:00,0.0,0,0.15201353864369582,2026-03-17T13:22:52.822-04:00
1976-12-31T19:00:00.000-05:00,0.0,0,0.018062305328640393,2026-03-17T13:22:52.822-04:00
1977-01-31T19:00:00.000-05:00,0.0,0,0.016626174437729957,2026-03-17T13:22:52.822-04:00
1977-02-28T19:00:00.000-05:00,0.0,0,0.0075416079178256545,2026-03-17T13:22:52.822-04:00
1977-03-31T19:00:00.000-05:00,0.0,0,0.007118239166819307,2026-03-17T13:22:52.822-04:00
1977-04-30T20:00:00.000-04:00,0.0,0,8.946460086117769E-4,2026-03-17T13:22:52.822-04:00
1977-05-31T20:00:00.000-04:00,0.0,0,0.0065847282033763,2026-03-17T13:22:52.822-04:00
1977-06-30T20:00:00.000-04:00,0.0,0,0.00508591157858862,2026-03-17T13:22:52.822-04:00
1977-07-31T20:00:00.000-04:00,0.0,0,0.03511807755051921,2026-03-17T13:22:52.822-04:00
1977-08-31T20:00:00.000-04:00,0.0,0,0.00571832465194777,2026-03-17T13:22:52.822-04:00
1977-09-30T20:00:00.000-04:00,0.0,0,0.018384905299634324,2026-03-17T13:22:52.822-04:00
1977-10-31T19:00:00.000-05:00,0.0,0,0.020004403765999768,2026-03-17T13:22:52.822-04:00
1977-11-30T19:00:00.000-05:00,0.0,0,0.011004233780154471,2026-03-17T13:22:52.822-04:00
1977-12-31T19:00:00.000-05:00,0.0,0,0.011718650022950139,2026-03-17T13:22:52.822-04:00
1978-01-31T19:00:00.000-05:00,0.0,0,0.00732437474507075,2026-03-17T13:22:52.822-04:00
1978-02-28T19:00:00.000-05:00,0.0,0,0.049712523425618604,2026-03-17T13:22:52.822-04:00
1978-03-31T19:00:00.000-05:00,0.0,0,0.01569539898512562,2026-03-17T13:22:52.822-04:00
1978-04-30T20:00:00.000-04:00,0.0,0,0.013285859350143259,2026-03-17T13:22:52.822-04:00
1978-05-31T20:00:00.000-04:00,0.0,0,0.007667161509298914,2026-03-17T13:22:52.822-04:00
1978-06-30T20:00:00.000-04:00,0.0,0,0.07149777152971759,2026-03-17T13:22:52.822-04:00
1978-07-31T20:00:00.000-04:00,0.0,0,0.040023104674159704,2026-03-17T13:22:52.822-04:00
1978-08-31T20:00:00.000-04:00,0.0,0,0.09077843657801576,2026-03-17T13:22:52.822-04:00
1978-09-30T20:00:00.000-04:00,0.0,0,0.005967023380331726,2026-03-17T13:22:52.822-04:00
1978-10-31T19:00:00.000-05:00,0.0,0,0.06215663536129212,2026-03-17T13:22:52.822-04:00
1978-11-30T19:00:00.000-05:00,0.0,0,0.11063102798325797,2026-03-17T13:22:52.822-04:00
1978-12-31T19:00:00.000-05:00,0.0,0,0.23415702302625696,2026-03-17T13:22:52.822-04:00
1979-01-31T19:00:00.000-05:00,0.0,0,0.3369372348894044,2026-03-17T13:22:52.822-04:00
1979-02-28T19:00:00.000-05:00,0.0,0,0.16819482117835438,2026-03-17T13:22:52.822-04:00
1979-03-31T19:00:00.000-05:00,0.0,0,0.25395111093787437,2026-03-17T13:22:52.822-04:00
1979-04-30T20:00:00.000-04:00,0.0,0,0.11221020292445105,2026-03-17T13:22:52.822-04:00
1979-05-31T20:00:00.000-04:00,0.0,0,0.3690894317480785,2026-03-17T13:22:52.822-04:00
1979-06-30T20:00:00.000-04:00,0.0,0,0.30251767965473986,2026-03-17T13:22:52.822-04:00
1979-07-31T20:00:00.000-04:00,0.0,1,0.828359586558117,2026-03-17T13:22:52.822-04:00
1979-08-31T20:00:00.000-04:00,0.0,1,0.7253291213223683,2026-03-17T13:22:52.822-04:00
1979-09-30T20:00:00.000-04:00,0.0,1,0.5119829779178856,2026-03-17T13:22:52.822-04:00
1979-10-31T19:00:00.000-05:00,0.0,1,0.5597404706239338,2026-03-17T13:22:52.822-04:00
1979-11-30T19:00:00.000-05:00,0.0,1,0.7852043369472396,2026-03-17T13:22:52.822-04:00
1979-12-31T19:00:00.000-05:00,0.0,1,0.9841955101471729,2026-03-17T13:22:52.822-04:00
1980-01-31T19:00:00.000-05:00,1.0,1,0.917191227912726,2026-03-17T13:22:52.822-04:00
1980-02-29T19:00:00.000-05:00,1.0,1,0.9720703114152475,2026-03-17T13:22:52.822-04:00
1980-03-31T19:00:00.000-05:00,1.0,1,0.9973192473243886,2026-03-17T13:22:52.822-04:00
1980-04-30T20:00:00.000-04:00,1.0,1,0.9999334617675991,2026-03-17T13:22:52.822-04:00
1980-05-31T20:00:00.000-04:00,1.0,1,0.9999989836496078,2026-03-17T13:22:52.822-04:00
1980-06-30T20:00:00.000-04:00,1.0,1,0.9999992328723776,2026-03-17T13:22:52.822-04:00
1980-07-31T20:00:00.000-04:00,0.0,1,0.8879812045122202,2026-03-17T13:22:52.822-04:00
1980-08-31T20:00:00.000-04:00,0.0,0,0.19081848513692634,2026-03-17T13:22:52.822-04:00
1980-09-30T20:00:00.000-04:00,0.0,0,0.009274398408172346,2026-03-17T13:22:52.822-04:00
1980-10-31T19:00:00.000-05:00,0.0,0,0.001209524543113516,2026-03-17T13:22:52.822-04:00
1980-11-30T19:00:00.000-05:00,0.0,0,5.74083660522251E-4,2026-03-17T13:22:52.822-04:00
1980-12-31T19:00:00.000-05:00,0.0,0,0.039152054141825876,2026-03-17T13:22:52.822-04:00
1981-01-31T19:00:00.000-05:00,0.0,1,0.8360364479062617,2026-03-17T13:22:52.822-04:00
1981-02-28T19:00:00.000-05:00,0.0,1,0.9998460520200626,2026-03-17T13:22:52.822-04:00
1981-03-31T19:00:00.000-05:00,0.0,1,0.9980688329986014,2026-03-17T13:22:52.822-04:00
1981-04-30T20:00:00.000-04:00,0.0,1,0.7624582116132512,2026-03-17T13:22:52.822-04:00
1981-05-31T20:00:00.000-04:00,0.0,0,0.402322202249645,2026-03-17T13:22:52.822-04:00
1981-06-30T20:00:00.000-04:00,0.0,0,0.3980516667246521,2026-03-17T13:22:52.822-04:00
1981-07-31T20:00:00.000-04:00,1.0,1,0.9784585152572506,2026-03-17T13:22:52.822-04:00
1981-08-31T20:00:00.000-04:00,1.0,1,0.9998679203342491,2026-03-17T13:22:52.822-04:00
1981-09-30T20:00:00.000-04:00,1.0,1,0.9999896138047758,2026-03-17T13:22:52.822-04:00
1981-10-31T19:00:00.000-05:00,1.0,1,0.9999799207273136,2026-03-17T13:22:52.822-04:00
1981-11-30T19:00:00.000-05:00,1.0,1,0.9987486388305973,2026-03-17T13:22:52.822-04:00
1981-12-31T19:00:00.000-05:00,1.0,1,0.987746491500491,2026-03-17T13:22:52.822-04:00
1982-01-31T19:00:00.000-05:00,1.0,1,0.9604617798495181,2026-03-17T13:22:52.822-04:00
1982-02-28T19:00:00.000-05:00,1.0,1,0.625535817122435,2026-03-17T13:22:52.822-04:00
1982-03-31T19:00:00.000-05:00,1.0,1,0.7168032676827194,2026-03-17T13:22:52.822-04:00
1982-04-30T20:00:00.000-04:00,1.0,1,0.9452630829091668,2026-03-17T13:22:52.822-04:00
1982-05-31T20:00:00.000-04:00,1.0,1,0.9834556808035289,2026-03-17T13:22:52.822-04:00
1982-06-30T20:00:00.000-04:00,1.0,1,0.9953009069792031,2026-03-17T13:22:52.822-04:00
1982-07-31T20:00:00.000-04:00,1.0,1,0.9974992692285346,2026-03-17T13:22:52.822-04:00
1982-08-31T20:00:00.000-04:00,1.0,1,0.9846566170822652,2026-03-17T13:22:52.822-04:00
1982-09-30T20:00:00.000-04:00,1.0,1,0.9511933944959037,2026-03-17T13:22:52.822-04:00
1982-10-31T19:00:00.000-05:00,1.0,1,0.9055702781569412,2026-03-17T13:22:52.822-04:00
1982-11-30T19:00:00.000-05:00,0.0,1,0.8978120026566904,2026-03-17T13:22:52.822-04:00
1982-12-31T19:00:00.000-05:00,0.0,0,0.46483043227076437,2026-03-17T13:22:52.822-04:00
1983-01-31T19:00:00.000-05:00,0.0,0,0.06983421562749481,2026-03-17T13:22:52.822-04:00
1983-02-28T19:00:00.000-05:00,0.0,0,0.021274011730668008,2026-03-17T13:22:52.822-04:00
1983-03-31T19:00:00.000-05:00,0.0,0,0.06874362981384297,2026-03-17T13:22:52.822-04:00
1983-04-30T20:00:00.000-04:00,0.0,0,0.020644586246501007,2026-03-17T13:22:52.822-04:00
1983-05-31T20:00:00.000-04:00,0.0,0,0.05848332722833827,2026-03-17T13:22:52.822-04:00
1983-06-30T20:00:00.000-04:00,0.0,0,0.004134177930561145,2026-03-17T13:22:52.822-04:00
1983-07-31T20:00:00.000-04:00,0.0,0,0.00986428856948407,2026-03-17T13:22:52.822-04:00
1983-08-31T20:00:00.000-04:00,0.0,0,0.0018455541530014719,2026-03-17T13:22:52.822-04:00
1983-09-30T20:00:00.000-04:00,0.0,0,0.005093418713160269,2026-03-17T13:22:52.822-04:00
1983-10-31T19:00:00.000-05:00,0.0,0,3.871136053597013E-4,2026-03-17T13:22:52.822-04:00
1983-11-30T19:00:00.000-05:00,0.0,0,6.160897678147981E-4,2026-03-17T13:22:52.822-04:00
1983-12-31T19:00:00.000-05:00,0.0,0,0.001196155138981414,2026-03-17T13:22:52.822-04:00
1984-01-31T19:00:00.000-05:00,0.0,0,9.569007357788095E-4,2026-03-17T13:22:52.822-04:00
1984-02-29T19:00:00.000-05:00,0.0,0,0.001944832914040906,2026-03-17T13:22:52.822-04:00
1984-03-31T19:00:00.000-05:00,0.0,0,0.007004041594150245,2026-03-17T13:22:52.822-04:00
1984-04-30T20:00:00.000-04:00,0.0,0,0.0031941442825633715,2026-03-17T13:22:52.822-04:00
1984-05-31T20:00:00.000-04:00,0.0,0,8.271235442589564E-4,2026-03-17T13:22:52.822-04:00
1984-06-30T20:00:00.000-04:00,0.0,0,0.008574582727149394,2026-03-17T13:22:52.822-04:00
1984-07-31T20:00:00.000-04:00,0.0,0,0.008993755420866112,2026-03-17T13:22:52.822-04:00
1984-08-31T20:00:00.000-04:00,0.0,0,0.025582639513489158,2026-03-17T13:22:52.822-04:00
1984-09-30T20:00:00.000-04:00,0.0,0,0.038354323599387063,2026-03-17T13:22:52.822-04:00
1984-10-31T19:00:00.000-05:00,0.0,0,0.07958994929978447,2026-03-17T13:22:52.822-04:00
1984-11-30T19:00:00.000-05:00,0.0,0,0.2861161228292681,2026-03-17T13:22:52.822-04:00
1984-12-31T19:00:00.000-05:00,0.0,0,0.05205026656291445,2026-03-17T13:22:52.822-04:00
1985-01-31T19:00:00.000-05:00,0.0,0,0.06666379343672058,2026-03-17T13:22:52.822-04:00
1985-02-28T19:00:00.000-05:00,0.0,0,0.010257553797194174,2026-03-17T13:22:52.822-04:00
1985-03-31T19:00:00.000-05:00,0.0,0,0.029508214158135204,2026-03-17T13:22:52.822-04:00
1985-04-30T20:00:00.000-04:00,0.0,0,0.03467780558713396,2026-03-17T13:22:52.822-04:00
1985-05-31T20:00:00.000-04:00,0.0,0,0.05006076909660906,2026-03-17T13:22:52.822-04:00
1985-06-30T20:00:00.000-04:00,0.0,0,0.023051090639910066,2026-03-17T13:22:52.822-04:00
1985-07-31T20:00:00.000-04:00,0.0,0,0.016018109481785947,2026-03-17T13:22:52.822-04:00
1985-08-31T20:00:00.000-04:00,0.0,0,0.009133328461634505,2026-03-17T13:22:52.822-04:00
1985-09-30T20:00:00.000-04:00,0.0,0,0.011606710717467661,2026-03-17T13:22:52.822-04:00
1985-10-31T19:00:00.000-05:00,0.0,0,0.02428460451738812,2026-03-17T13:22:52.822-04:00
1985-11-30T19:00:00.000-05:00,0.0,0,0.014216289088313738,2026-03-17T13:22:52.822-04:00
1985-12-31T19:00:00.000-05:00,0.0,0,0.003252487666542847,2026-03-17T13:22:52.822-04:00
1986-01-31T19:00:00.000-05:00,0.0,0,0.16182393576567533,2026-03-17T13:22:52.822-04:00
1986-02-28T19:00:00.000-05:00,0.0,0,0.3776691643781678,2026-03-17T13:22:52.822-04:00
1986-03-31T19:00:00.000-05:00,0.0,1,0.6835240581794907,2026-03-17T13:22:52.822-04:00
1986-04-30T20:00:00.000-04:00,0.0,0,0.33009469347970644,2026-03-17T13:22:52.822-04:00
1986-05-31T20:00:00.000-04:00,0.0,1,0.6780432742249519,2026-03-17T13:22:52.822-04:00
1986-06-30T20:00:00.000-04:00,0.0,1,0.6281829503588561,2026-03-17T13:22:52.822-04:00
1986-07-31T20:00:00.000-04:00,0.0,0,0.19790285950584452,2026-03-17T13:22:52.822-04:00
1986-08-31T20:00:00.000-04:00,0.0,0,0.2530996679092068,2026-03-17T13:22:52.822-04:00
1986-09-30T20:00:00.000-04:00,0.0,1,0.5429749232965826,2026-03-17T13:22:52.822-04:00
1986-10-31T19:00:00.000-05:00,0.0,0,0.35839813693443945,2026-03-17T13:22:52.822-04:00
1986-11-30T19:00:00.000-05:00,0.0,0,0.01121370219334028,2026-03-17T13:22:52.822-04:00
1986-12-31T19:00:00.000-05:00,0.0,0,0.013674017900035751,2026-03-17T13:22:52.822-04:00
1987-01-31T19:00:00.000-05:00,0.0,0,0.04029996151216386,2026-03-17T13:22:52.822-04:00
1987-02-28T19:00:00.000-05:00,0.0,0,0.45909391441413816,2026-03-17T13:22:52.822-04:00
1987-03-31T19:00:00.000-05:00,0.0,0,0.12022837377033835,2026-03-17T13:22:52.822-04:00
1987-04-30T20:00:00.000-04:00,0.0,0,0.07539963012136486,2026-03-17T13:22:52.822-04:00
1987-05-31T20:00:00.000-04:00,0.0,0,0.05487797988948673,2026-03-17T13:22:52.822-04:00
1987-06-30T20:00:00.000-04:00,0.0,0,0.04912362926826597,2026-03-17T13:22:52.822-04:00
1987-07-31T20:00:00.000-04:00,0.0,0,0.02026853489574454,2026-03-17T13:22:52.822-04:00
1987-08-31T20:00:00.000-04:00,0.0,0,0.023550217804843565,2026-03-17T13:22:52.822-04:00
1987-09-30T20:00:00.000-04:00,0.0,0,0.06301075561956315,2026-03-17T13:22:52.822-04:00
1987-10-31T19:00:00.000-05:00,0.0,0,0.030061228859881828,2026-03-17T13:22:52.822-04:00
1987-11-30T19:00:00.000-05:00,0.0,0,0.019167369887812202,2026-03-17T13:22:52.822-04:00
1987-12-31T19:00:00.000-05:00,0.0,0,0.009191052780347042,2026-03-17T13:22:52.822-04:00
1988-01-31T19:00:00.000-05:00,0.0,0,0.023948191231697225,2026-03-17T13:22:52.822-04:00
1988-02-29T19:00:00.000-05:00,0.0,0,0.03466668862991651,2026-03-17T13:22:52.822-04:00
1988-03-31T19:00:00.000-05:00,0.0,0,0.013836334817003193,2026-03-17T13:22:52.822-04:00
1988-04-30T20:00:00.000-04:00,0.0,0,0.05097151955069901,2026-03-17T13:22:52.822-04:00
1988-05-31T20:00:00.000-04:00,0.0,0,0.011984932106115953,2026-03-17T13:22:52.822-04:00
1988-06-30T20:00:00.000-04:00,0.0,0,0.03612555504000914,2026-03-17T13:22:52.822-04:00
1988-07-31T20:00:00.000-04:00,0.0,0,0.02614414203115134,2026-03-17T13:22:52.822-04:00
1988-08-31T20:00:00.000-04:00,0.0,0,0.05576365939915884,2026-03-17T13:22:52.822-04:00
1988-09-30T20:00:00.000-04:00,0.0,0,0.053565025726058146,2026-03-17T13:22:52.822-04:00
1988-10-31T19:00:00.000-05:00,0.0,0,0.011400669569362809,2026-03-17T13:22:52.822-04:00
1988-11-30T19:00:00.000-05:00,0.0,0,0.06478160696816593,2026-03-17T13:22:52.822-04:00
1988-12-31T19:00:00.000-05:00,0.0,0,0.14238797500458455,2026-03-17T13:22:52.822-04:00
1989-01-31T19:00:00.000-05:00,0.0,0,0.05755030927707816,2026-03-17T13:22:52.822-04:00
1989-02-28T19:00:00.000-05:00,0.0,0,0.032601881732042814,2026-03-17T13:22:52.822-04:00
1989-03-31T19:00:00.000-05:00,0.0,0,0.10198551236893494,2026-03-17T13:22:52.822-04:00
1989-04-30T20:00:00.000-04:00,0.0,0,0.2543623673561224,2026-03-17T13:22:52.822-04:00
1989-05-31T20:00:00.000-04:00,0.0,1,0.6637702562948449,2026-03-17T13:22:52.822-04:00
1989-06-30T20:00:00.000-04:00,0.0,0,0.3580911626173604,2026-03-17T13:22:52.822-04:00
1989-07-31T20:00:00.000-04:00,0.0,1,0.5319689550685673,2026-03-17T13:22:52.822-04:00
1989-08-31T20:00:00.000-04:00,0.0,1,0.6816072391708021,2026-03-17T13:22:52.822-04:00
1989-09-30T20:00:00.000-04:00,0.0,1,0.7761073747056353,2026-03-17T13:22:52.822-04:00
1989-10-31T19:00:00.000-05:00,0.0,1,0.7796506168283006,2026-03-17T13:22:52.822-04:00
1989-11-30T19:00:00.000-05:00,0.0,1,0.6768258293365749,2026-03-17T13:22:52.822-04:00
1989-12-31T19:00:00.000-05:00,0.0,1,0.7180161129462446,2026-03-17T13:22:52.822-04:00
1990-01-31T19:00:00.000-05:00,0.0,0,0.47925054851823823,2026-03-17T13:22:52.822-04:00
1990-02-28T19:00:00.000-05:00,0.0,0,0.3372505830024324,2026-03-17T13:22:52.822-04:00
1990-03-31T19:00:00.000-05:00,0.0,0,0.3605736845163736,2026-03-17T13:22:52.822-04:00
1990-04-30T20:00:00.000-04:00,0.0,0,0.4242233774903764,2026-03-17T13:22:52.822-04:00
1990-05-31T20:00:00.000-04:00,0.0,0,0.22345388200577887,2026-03-17T13:22:52.822-04:00
1990-06-30T20:00:00.000-04:00,0.0,0,0.24604507323642966,2026-03-17T13:22:52.822-04:00
1990-07-31T20:00:00.000-04:00,1.0,0,0.4474505919866476,2026-03-17T13:22:52.822-04:00
1990-08-31T20:00:00.000-04:00,1.0,1,0.9180149344249193,2026-03-17T13:22:52.822-04:00
1990-09-30T20:00:00.000-04:00,1.0,1,0.7042759798423686,2026-03-17T13:22:52.822-04:00
1990-10-31T19:00:00.000-05:00,1.0,1,0.7435582362074789,2026-03-17T13:22:52.822-04:00
1990-11-30T19:00:00.000-05:00,1.0,1,0.63498579645024,2026-03-17T13:22:52.822-04:00
1990-12-31T19:00:00.000-05:00,1.0,1,0.8081661994800913,2026-03-17T13:22:52.822-04:00
1991-01-31T19:00:00.000-05:00,1.0,1,0.7816890876160494,2026-03-17T13:22:52.822-04:00
1991-02-28T19:00:00.000-05:00,1.0,1,0.8400371537956215,2026-03-17T13:22:52.822-04:00
1991-03-31T19:00:00.000-05:00,0.0,1,0.5428884149617363,2026-03-17T13:22:52.822-04:00
1991-04-30T20:00:00.000-04:00,0.0,0,0.40422898266228635,2026-03-17T13:22:52.822-04:00
1991-05-31T20:00:00.000-04:00,0.0,0,0.11662039760472154,2026-03-17T13:22:52.822-04:00
1991-06-30T20:00:00.000-04:00,0.0,0,0.09766322755289147,2026-03-17T13:22:52.822-04:00
1991-07-31T20:00:00.000-04:00,0.0,0,0.04499856433360161,2026-03-17T13:22:52.822-04:00
1991-08-31T20:00:00.000-04:00,0.0,0,0.038063661590576614,2026-03-17T13:22:52.822-04:00
1991-09-30T20:00:00.000-04:00,0.0,0,0.09288130985325216,2026-03-17T13:22:52.822-04:00
1991-10-31T19:00:00.000-05:00,0.0,0,0.09621239598878295,2026-03-17T13:22:52.822-04:00
1991-11-30T19:00:00.000-05:00,0.0,0,0.3863149194351235,2026-03-17T13:22:52.822-04:00
1991-12-31T19:00:00.000-05:00,0.0,0,0.2875505527117468,2026-03-17T13:22:52.822-04:00
1992-01-31T19:00:00.000-05:00,0.0,0,0.34828182227492965,2026-03-17T13:22:52.822-04:00
1992-02-29T19:00:00.000-05:00,0.0,0,0.1184972085071685,2026-03-17T13:22:52.822-04:00
1992-03-31T19:00:00.000-05:00,0.0,0,0.08167925710873059,2026-03-17T13:22:52.822-04:00
1992-04-30T20:00:00.000-04:00,0.0,0,0.0701890271806449,2026-03-17T13:22:52.822-04:00
1992-05-31T20:00:00.000-04:00,0.0,0,0.10857930087775425,2026-03-17T13:22:52.822-04:00
1992-06-30T20:00:00.000-04:00,0.0,0,0.05817253038292591,2026-03-17T13:22:52.822-04:00
1992-07-31T20:00:00.000-04:00,0.0,0,0.01638080489530347,2026-03-17T13:22:52.822-04:00
1992-08-31T20:00:00.000-04:00,0.0,0,0.007376643486779355,2026-03-17T13:22:52.822-04:00
1992-09-30T20:00:00.000-04:00,0.0,0,0.002934822420831762,2026-03-17T13:22:52.822-04:00
1992-10-31T19:00:00.000-05:00,0.0,0,0.01498523462989687,2026-03-17T13:22:52.822-04:00
1992-11-30T19:00:00.000-05:00,0.0,0,0.01847907340422328,2026-03-17T13:22:52.822-04:00
1992-12-31T19:00:00.000-05:00,0.0,0,0.02471667668061317,2026-03-17T13:22:52.822-04:00
1993-01-31T19:00:00.000-05:00,0.0,0,0.002812753852315941,2026-03-17T13:22:52.822-04:00
1993-02-28T19:00:00.000-05:00,0.0,0,0.0013865292119269457,2026-03-17T13:22:52.822-04:00
1993-03-31T19:00:00.000-05:00,0.0,0,0.006206263841833426,2026-03-17T13:22:52.822-04:00
1993-04-30T20:00:00.000-04:00,0.0,0,0.027454658161414458,2026-03-17T13:22:52.822-04:00
1993-05-31T20:00:00.000-04:00,0.0,0,0.04335767956597669,2026-03-17T13:22:52.822-04:00
1993-06-30T20:00:00.000-04:00,0.0,0,0.011657327102584603,2026-03-17T13:22:52.822-04:00
1993-07-31T20:00:00.000-04:00,0.0,0,0.006570704099875924,2026-03-17T13:22:52.822-04:00
1993-08-31T20:00:00.000-04:00,0.0,0,0.006919103821301786,2026-03-17T13:22:52.822-04:00
1993-09-30T20:00:00.000-04:00,0.0,0,0.024814681434298325,2026-03-17T13:22:52.822-04:00
1993-10-31T19:00:00.000-05:00,0.0,0,0.020794597115886604,2026-03-17T13:22:52.822-04:00
1993-11-30T19:00:00.000-05:00,0.0,0,0.03916230950446109,2026-03-17T13:22:52.822-04:00
1993-12-31T19:00:00.000-05:00,0.0,0,0.029802943774140833,2026-03-17T13:22:52.822-04:00
1994-01-31T19:00:00.000-05:00,0.0,0,0.03895224976539435,2026-03-17T13:22:52.822-04:00
1994-02-28T19:00:00.000-05:00,0.0,0,0.04382000936957964,2026-03-17T13:22:52.822-04:00
1994-03-31T19:00:00.000-05:00,0.0,0,0.0277233608109122,2026-03-17T13:22:52.822-04:00
1994-04-30T20:00:00.000-04:00,0.0,0,0.005368123789542101,2026-03-17T13:22:52.822-04:00
1994-05-31T20:00:00.000-04:00,0.0,0,0.0031250369647910503,2026-03-17T13:22:52.822-04:00
1994-06-30T20:00:00.000-04:00,0.0,0,0.003766981212421916,2026-03-17T13:22:52.822-04:00
1994-07-31T20:00:00.000-04:00,0.0,0,0.011473287965114598,2026-03-17T13:22:52.822-04:00
1994-08-31T20:00:00.000-04:00,0.0,0,0.010108282385048684,2026-03-17T13:22:52.822-04:00
1994-09-30T20:00:00.000-04:00,0.0,0,0.005355467590159146,2026-03-17T13:22:52.822-04:00
1994-10-31T19:00:00.000-05:00,0.0,0,0.004117483999453997,2026-03-17T13:22:52.822-04:00
1994-11-30T19:00:00.000-05:00,0.0,0,0.004199440537947963,2026-03-17T13:22:52.822-04:00
1994-12-31T19:00:00.000-05:00,0.0,0,0.006817119830569762,2026-03-17T13:22:52.822-04:00
1995-01-31T19:00:00.000-05:00,0.0,0,0.006651482166056488,2026-03-17T13:22:52.822-04:00
1995-02-28T19:00:00.000-05:00,0.0,0,0.012664661240921138,2026-03-17T13:22:52.822-04:00
1995-03-31T19:00:00.000-05:00,0.0,0,0.05803560253055662,2026-03-17T13:22:52.822-04:00
1995-04-30T20:00:00.000-04:00,0.0,0,0.13188295641490122,2026-03-17T13:22:52.822-04:00
1995-05-31T20:00:00.000-04:00,0.0,0,0.16986219127060043,2026-03-17T13:22:52.822-04:00
1995-06-30T20:00:00.000-04:00,0.0,0,0.06664463906403306,2026-03-17T13:22:52.822-04:00
1995-07-31T20:00:00.000-04:00,0.0,0,0.325160937268715,2026-03-17T13:22:52.822-04:00
1995-08-31T20:00:00.000-04:00,0.0,0,0.34215890559906414,2026-03-17T13:22:52.822-04:00
1995-09-30T20:00:00.000-04:00,0.0,0,0.10354971263609669,2026-03-17T13:22:52.822-04:00
1995-10-31T19:00:00.000-05:00,0.0,0,0.09488193999543981,2026-03-17T13:22:52.822-04:00
1995-11-30T19:00:00.000-05:00,0.0,0,0.24071106302808898,2026-03-17T13:22:52.822-04:00
1995-12-31T19:00:00.000-05:00,0.0,0,0.3564432919966668,2026-03-17T13:22:52.822-04:00
1996-01-31T19:00:00.000-05:00,0.0,0,0.24412272790683265,2026-03-17T13:22:52.822-04:00
1996-02-29T19:00:00.000-05:00,0.0,0,0.32493193799851916,2026-03-17T13:22:52.822-04:00
1996-03-31T19:00:00.000-05:00,0.0,1,0.5274297568581492,2026-03-17T13:22:52.822-04:00
1996-04-30T20:00:00.000-04:00,0.0,0,0.46995090364184,2026-03-17T13:22:52.822-04:00
1996-05-31T20:00:00.000-04:00,0.0,0,0.11073923133661856,2026-03-17T13:22:52.822-04:00
1996-06-30T20:00:00.000-04:00,0.0,0,0.09409415373510632,2026-03-17T13:22:52.822-04:00
1996-07-31T20:00:00.000-04:00,0.0,0,0.009193000311395916,2026-03-17T13:22:52.822-04:00
1996-08-31T20:00:00.000-04:00,0.0,0,0.05745263760264496,2026-03-17T13:22:52.822-04:00
1996-09-30T20:00:00.000-04:00,0.0,0,0.024115084517009944,2026-03-17T13:22:52.822-04:00
1996-10-31T19:00:00.000-05:00,0.0,0,0.30462306325211785,2026-03-17T13:22:52.822-04:00
1996-11-30T19:00:00.000-05:00,0.0,0,0.17050188111240083,2026-03-17T13:22:52.822-04:00
1996-12-31T19:00:00.000-05:00,0.0,0,0.1777793300061794,2026-03-17T13:22:52.822-04:00
1997-01-31T19:00:00.000-05:00,0.0,0,0.07805316367339954,2026-03-17T13:22:52.822-04:00
1997-02-28T19:00:00.000-05:00,0.0,0,0.0660392220831153,2026-03-17T13:22:52.822-04:00
1997-03-31T19:00:00.000-05:00,0.0,0,0.044279149189180966,2026-03-17T13:22:52.822-04:00
1997-04-30T20:00:00.000-04:00,0.0,0,0.027644946950447724,2026-03-17T13:22:52.822-04:00
1997-05-31T20:00:00.000-04:00,0.0,0,0.03133960806235969,2026-03-17T13:22:52.822-04:00
1997-06-30T20:00:00.000-04:00,0.0,0,0.025573378476694164,2026-03-17T13:22:52.822-04:00
1997-07-31T20:00:00.000-04:00,0.0,0,0.049675593714672006,2026-03-17T13:22:52.822-04:00
1997-08-31T20:00:00.000-04:00,0.0,0,0.07515850615204933,2026-03-17T13:22:52.822-04:00
1997-09-30T20:00:00.000-04:00,0.0,0,0.0638740738038639,2026-03-17T13:22:52.822-04:00
1997-10-31T19:00:00.000-05:00,0.0,0,0.05507197822453369,2026-03-17T13:22:52.822-04:00
1997-11-30T19:00:00.000-05:00,0.0,0,0.05873567172482552,2026-03-17T13:22:52.822-04:00
1997-12-31T19:00:00.000-05:00,0.0,0,0.10968413348196249,2026-03-17T13:22:52.822-04:00
1998-01-31T19:00:00.000-05:00,0.0,0,0.22312281873509376,2026-03-17T13:22:52.822-04:00
1998-02-28T19:00:00.000-05:00,0.0,0,0.25039352927007186,2026-03-17T13:22:52.822-04:00
1998-03-31T19:00:00.000-05:00,0.0,0,0.1132775285775266,2026-03-17T13:22:52.822-04:00
1998-04-30T20:00:00.000-04:00,0.0,0,0.15287391578086795,2026-03-17T13:22:52.822-04:00
1998-05-31T20:00:00.000-04:00,0.0,0,0.118592492080271,2026-03-17T13:22:52.822-04:00
1998-06-30T20:00:00.000-04:00,0.0,0,0.4808717509488256,2026-03-17T13:22:52.822-04:00
1998-07-31T20:00:00.000-04:00,0.0,0,0.3694444070304532,2026-03-17T13:22:52.822-04:00
1998-08-31T20:00:00.000-04:00,0.0,0,0.4651381023789929,2026-03-17T13:22:52.822-04:00
1998-09-30T20:00:00.000-04:00,0.0,0,0.44516429730984697,2026-03-17T13:22:52.822-04:00
1998-10-31T19:00:00.000-05:00,0.0,0,0.4207200848227546,2026-03-17T13:22:52.822-04:00
1998-11-30T19:00:00.000-05:00,0.0,1,0.5085845342221864,2026-03-17T13:22:52.822-04:00
1998-12-31T19:00:00.000-05:00,0.0,0,0.4620357722702848,2026-03-17T13:22:52.822-04:00
1999-01-31T19:00:00.000-05:00,0.0,0,0.4489943541247339,2026-03-17T13:22:52.822-04:00
1999-02-28T19:00:00.000-05:00,0.0,0,0.26356439630453865,2026-03-17T13:22:52.822-04:00
1999-03-31T19:00:00.000-05:00,0.0,0,0.4280815750876331,2026-03-17T13:22:52.822-04:00
1999-04-30T20:00:00.000-04:00,0.0,0,0.18843297498428935,2026-03-17T13:22:52.822-04:00
1999-05-31T20:00:00.000-04:00,0.0,1,0.5026851846380941,2026-03-17T13:22:52.822-04:00
1999-06-30T20:00:00.000-04:00,0.0,0,0.36855773833329186,2026-03-17T13:22:52.822-04:00
1999-07-31T20:00:00.000-04:00,0.0,0,0.288323444420579,2026-03-17T13:22:52.822-04:00
1999-08-31T20:00:00.000-04:00,0.0,0,0.10068525696009223,2026-03-17T13:22:52.822-04:00
1999-09-30T20:00:00.000-04:00,0.0,0,0.09905981081566873,2026-03-17T13:22:52.822-04:00
1999-10-31T19:00:00.000-05:00,0.0,0,0.11140059849727557,2026-03-17T13:22:52.822-04:00
1999-11-30T19:00:00.000-05:00,0.0,0,0.10483264987953289,2026-03-17T13:22:52.822-04:00
1999-12-31T19:00:00.000-05:00,0.0,0,0.12528297928061694,2026-03-17T13:22:52.822-04:00
2000-01-31T19:00:00.000-05:00,0.0,0,0.27627299877343947,2026-03-17T13:22:52.822-04:00
2000-02-29T19:00:00.000-05:00,0.0,0,0.166013842293528,2026-03-17T13:22:52.822-04:00
2000-03-31T19:00:00.000-05:00,0.0,0,0.04078226571614263,2026-03-17T13:22:52.822-04:00
2000-04-30T20:00:00.000-04:00,0.0,0,0.1268372269573561,2026-03-17T13:22:52.822-04:00
2000-05-31T20:00:00.000-04:00,0.0,0,0.2527421827901586,2026-03-17T13:22:52.822-04:00
2000-06-30T20:00:00.000-04:00,0.0,1,0.6160753359574935,2026-03-17T13:22:52.822-04:00
2000-07-31T20:00:00.000-04:00,0.0,0,0.4025254021898921,2026-03-17T13:22:52.822-04:00
2000-08-31T20:00:00.000-04:00,0.0,0,0.3608077076463442,2026-03-17T13:22:52.822-04:00
2000-09-30T20:00:00.000-04:00,0.0,0,0.3577583252275386,2026-03-17T13:22:52.822-04:00
2000-10-31T19:00:00.000-05:00,0.0,0,0.3062502317765704,2026-03-17T13:22:52.822-04:00
2000-11-30T19:00:00.000-05:00,0.0,1,0.5303808548117923,2026-03-17T13:22:52.822-04:00
2000-12-31T19:00:00.000-05:00,0.0,1,0.839256619105897,2026-03-17T13:22:52.822-04:00
2001-01-31T19:00:00.000-05:00,0.0,1,0.8871730018376984,2026-03-17T13:22:52.822-04:00
2001-02-28T19:00:00.000-05:00,0.0,1,0.9633140346572412,2026-03-17T13:22:52.822-04:00
2001-03-31T19:00:00.000-05:00,1.0,1,0.8920275459600839,2026-03-17T13:22:52.822-04:00
2001-04-30T20:00:00.000-04:00,1.0,1,0.7920245890476776,2026-03-17T13:22:52.822-04:00
2001-05-31T20:00:00.000-04:00,1.0,1,0.8948044364306494,2026-03-17T13:22:52.822-04:00
2001-06-30T20:00:00.000-04:00,1.0,1,0.738717431841353,2026-03-17T13:22:52.822-04:00
2001-07-31T20:00:00.000-04:00,1.0,1,0.8476561325254179,2026-03-17T13:22:52.822-04:00
2001-08-31T20:00:00.000-04:00,1.0,1,0.7934028072080258,2026-03-17T13:22:52.822-04:00
2001-09-30T20:00:00.000-04:00,1.0,1,0.9153252924973672,2026-03-17T13:22:52.822-04:00
2001-10-31T19:00:00.000-05:00,1.0,1,0.9174374470930244,2026-03-17T13:22:52.822-04:00
2001-11-30T19:00:00.000-05:00,0.0,1,0.9449839110848905,2026-03-17T13:22:52.822-04:00
2001-12-31T19:00:00.000-05:00,0.0,1,0.6730507197763813,2026-03-17T13:22:52.822-04:00
2002-01-31T19:00:00.000-05:00,0.0,0,0.2467486650765377,2026-03-17T13:22:52.822-04:00
2002-02-28T19:00:00.000-05:00,0.0,0,0.0365878256789266,2026-03-17T13:22:52.822-04:00
2002-03-31T19:00:00.000-05:00,0.0,0,0.09015696229016867,2026-03-17T13:22:52.822-04:00
2002-04-30T20:00:00.000-04:00,0.0,0,0.05800884870021572,2026-03-17T13:22:52.822-04:00
2002-05-31T20:00:00.000-04:00,0.0,0,0.029374736712674987,2026-03-17T13:22:52.822-04:00
2002-06-30T20:00:00.000-04:00,0.0,0,0.01200744360893069,2026-03-17T13:22:52.822-04:00
2002-07-31T20:00:00.000-04:00,0.0,0,0.012087214878446995,2026-03-17T13:22:52.822-04:00
2002-08-31T20:00:00.000-04:00,0.0,0,0.01670671233177523,2026-03-17T13:22:52.822-04:00
2002-09-30T20:00:00.000-04:00,0.0,0,0.02465935916926143,2026-03-17T13:22:52.822-04:00
2002-10-31T19:00:00.000-05:00,0.0,0,0.20950255368442816,2026-03-17T13:22:52.822-04:00
2002-11-30T19:00:00.000-05:00,0.0,0,0.47047969545477,2026-03-17T13:22:52.822-04:00
2002-12-31T19:00:00.000-05:00,0.0,0,0.19704568458021943,2026-03-17T13:22:52.822-04:00
2003-01-31T19:00:00.000-05:00,0.0,0,0.060521136677989085,2026-03-17T13:22:52.822-04:00
2003-02-28T19:00:00.000-05:00,0.0,0,0.031204636597279567,2026-03-17T13:22:52.822-04:00
2003-03-31T19:00:00.000-05:00,0.0,0,0.12104859698663051,2026-03-17T13:22:52.822-04:00
2003-04-30T20:00:00.000-04:00,0.0,0,0.12628028773735567,2026-03-17T13:22:52.822-04:00
2003-05-31T20:00:00.000-04:00,0.0,0,0.2795747307296741,2026-03-17T13:22:52.822-04:00
2003-06-30T20:00:00.000-04:00,0.0,0,0.13195184968555285,2026-03-17T13:22:52.822-04:00
2003-07-31T20:00:00.000-04:00,0.0,0,0.14527404108475606,2026-03-17T13:22:52.822-04:00
2003-08-31T20:00:00.000-04:00,0.0,0,0.07832157054499123,2026-03-17T13:22:52.822-04:00
2003-09-30T20:00:00.000-04:00,0.0,0,0.016606405413643555,2026-03-17T13:22:52.822-04:00
2003-10-31T19:00:00.000-05:00,0.0,0,0.0046829770937085735,2026-03-17T13:22:52.822-04:00
2003-11-30T19:00:00.000-05:00,0.0,0,0.0035371898428472326,2026-03-17T13:22:52.822-04:00
2003-12-31T19:00:00.000-05:00,0.0,0,0.004949167069971505,2026-03-17T13:22:52.822-04:00
2004-01-31T19:00:00.000-05:00,0.0,0,0.007259575975521182,2026-03-17T13:22:52.822-04:00
2004-02-29T19:00:00.000-05:00,0.0,0,0.029730228043801432,2026-03-17T13:22:52.822-04:00
2004-03-31T19:00:00.000-05:00,0.0,0,0.016542818726253405,2026-03-17T13:22:52.822-04:00
2004-04-30T20:00:00.000-04:00,0.0,0,0.041097004519567215,2026-03-17T13:22:52.822-04:00
2004-05-31T20:00:00.000-04:00,0.0,0,0.023249515834928403,2026-03-17T13:22:52.822-04:00
2004-06-30T20:00:00.000-04:00,0.0,0,0.01186057770248583,2026-03-17T13:22:52.822-04:00
2004-07-31T20:00:00.000-04:00,0.0,0,0.003076753122949083,2026-03-17T13:22:52.822-04:00
2004-08-31T20:00:00.000-04:00,0.0,0,0.0025903155538977707,2026-03-17T13:22:52.822-04:00
2004-09-30T20:00:00.000-04:00,0.0,0,0.013084932929950166,2026-03-17T13:22:52.822-04:00
2004-10-31T19:00:00.000-05:00,0.0,0,0.020689093819641124,2026-03-17T13:22:52.822-04:00
2004-11-30T19:00:00.000-05:00,0.0,0,0.029882583909194738,2026-03-17T13:22:52.822-04:00
2004-12-31T19:00:00.000-05:00,0.0,0,0.01290153442565456,2026-03-17T13:22:52.822-04:00
2005-01-31T19:00:00.000-05:00,0.0,0,0.031157300465253668,2026-03-17T13:22:52.822-04:00
2005-02-28T19:00:00.000-05:00,0.0,0,0.017193999047802833,2026-03-17T13:22:52.822-04:00
2005-03-31T19:00:00.000-05:00,0.0,0,0.03035646711904605,2026-03-17T13:22:52.822-04:00
2005-04-30T20:00:00.000-04:00,0.0,0,0.01397221223706313,2026-03-17T13:22:52.822-04:00
2005-05-31T20:00:00.000-04:00,0.0,0,0.014167680437325414,2026-03-17T13:22:52.822-04:00
2005-06-30T20:00:00.000-04:00,0.0,0,0.02117199800874703,2026-03-17T13:22:52.822-04:00
2005-07-31T20:00:00.000-04:00,0.0,0,0.03740289769396343,2026-03-17T13:22:52.822-04:00
2005-08-31T20:00:00.000-04:00,0.0,0,0.11776067213654962,2026-03-17T13:22:52.822-04:00
2005-09-30T20:00:00.000-04:00,0.0,0,0.13248450661620914,2026-03-17T13:22:52.822-04:00
2005-10-31T19:00:00.000-05:00,0.0,0,0.2575720687793053,2026-03-17T13:22:52.822-04:00
2005-11-30T19:00:00.000-05:00,0.0,0,0.12645068505975876,2026-03-17T13:22:52.822-04:00
2005-12-31T19:00:00.000-05:00,0.0,0,0.03411195191184402,2026-03-17T13:22:52.822-04:00
2006-01-31T19:00:00.000-05:00,0.0,0,0.06251292791049634,2026-03-17T13:22:52.822-04:00
2006-02-28T19:00:00.000-05:00,0.0,0,0.08216894150725351,2026-03-17T13:22:52.822-04:00
2006-03-31T19:00:00.000-05:00,0.0,0,0.235593601296872,2026-03-17T13:22:52.822-04:00
2006-04-30T20:00:00.000-04:00,0.0,0,0.10212274964338963,2026-03-17T13:22:52.822-04:00
2006-05-31T20:00:00.000-04:00,0.0,0,0.1516393652504907,2026-03-17T13:22:52.822-04:00
2006-06-30T20:00:00.000-04:00,0.0,0,0.1947750133182029,2026-03-17T13:22:52.822-04:00
2006-07-31T20:00:00.000-04:00,0.0,0,0.2563448657505566,2026-03-17T13:22:52.822-04:00
2006-08-31T20:00:00.000-04:00,0.0,0,0.1098554541684027,2026-03-17T13:22:52.822-04:00
2006-09-30T20:00:00.000-04:00,0.0,0,0.05877245007987886,2026-03-17T13:22:52.822-04:00
2006-10-31T19:00:00.000-05:00,0.0,0,0.12016205226300791,2026-03-17T13:22:52.822-04:00
2006-11-30T19:00:00.000-05:00,0.0,0,0.20810501001467718,2026-03-17T13:22:52.822-04:00
2006-12-31T19:00:00.000-05:00,0.0,1,0.5371177365689971,2026-03-17T13:22:52.822-04:00
2007-01-31T19:00:00.000-05:00,0.0,0,0.36682310049926803,2026-03-17T13:22:52.822-04:00
2007-02-28T19:00:00.000-05:00,0.0,0,0.35655062899072243,2026-03-17T13:22:52.822-04:00
2007-03-31T20:00:00.000-04:00,0.0,0,0.19223709207180095,2026-03-17T13:22:52.822-04:00
2007-04-30T20:00:00.000-04:00,0.0,0,0.21606153918609527,2026-03-17T13:22:52.822-04:00
2007-05-31T20:00:00.000-04:00,0.0,1,0.6825729781989924,2026-03-17T13:22:52.822-04:00
2007-06-30T20:00:00.000-04:00,0.0,1,0.6489248411124136,2026-03-17T13:22:52.822-04:00
2007-07-31T20:00:00.000-04:00,0.0,1,0.659031702587918,2026-03-17T13:22:52.822-04:00
2007-08-31T20:00:00.000-04:00,0.0,0,0.3762252474393737,2026-03-17T13:22:52.822-04:00
2007-09-30T20:00:00.000-04:00,0.0,0,0.3295697316738283,2026-03-17T13:22:52.822-04:00
2007-10-31T20:00:00.000-04:00,0.0,1,0.5357880659094212,2026-03-17T13:22:52.822-04:00
2007-11-30T19:00:00.000-05:00,0.0,1,0.7953650592101729,2026-03-17T13:22:52.822-04:00
2007-12-31T19:00:00.000-05:00,1.0,1,0.7406391025860526,2026-03-17T13:22:52.822-04:00
2008-01-31T19:00:00.000-05:00,1.0,1,0.8268407829163931,2026-03-17T13:22:52.822-04:00
2008-02-29T19:00:00.000-05:00,1.0,1,0.7633063018209947,2026-03-17T13:22:52.822-04:00
2008-03-31T20:00:00.000-04:00,1.0,1,0.7041532965525577,2026-03-17T13:22:52.822-04:00
2008-04-30T20:00:00.000-04:00,1.0,1,0.8987667116702264,2026-03-17T13:22:52.822-04:00
2008-05-31T20:00:00.000-04:00,1.0,1,0.9036142211239244,2026-03-17T13:22:52.822-04:00
2008-06-30T20:00:00.000-04:00,1.0,1,0.957918350781903,2026-03-17T13:22:52.822-04:00
2008-07-31T20:00:00.000-04:00,1.0,1,0.8753059162569717,2026-03-17T13:22:52.822-04:00
2008-08-31T20:00:00.000-04:00,1.0,1,0.5781516610759576,2026-03-17T13:22:52.822-04:00
2008-09-30T20:00:00.000-04:00,1.0,1,0.8943460683096434,2026-03-17T13:22:52.822-04:00
2008-10-31T20:00:00.000-04:00,1.0,1,0.934163200531891,2026-03-17T13:22:52.822-04:00
2008-11-30T19:00:00.000-05:00,1.0,1,0.9922759916194714,2026-03-17T13:22:52.822-04:00
2008-12-31T19:00:00.000-05:00,1.0,1,0.9718656801993268,2026-03-17T13:22:52.822-04:00
2009-01-31T19:00:00.000-05:00,1.0,1,0.9827217462640588,2026-03-17T13:22:52.822-04:00
2009-02-28T19:00:00.000-05:00,1.0,1,0.9927275715709911,2026-03-17T13:22:52.822-04:00
2009-03-31T20:00:00.000-04:00,1.0,1,0.9710821868322659,2026-03-17T13:22:52.822-04:00
2009-04-30T20:00:00.000-04:00,1.0,1,0.9182738580674609,2026-03-17T13:22:52.822-04:00
2009-05-31T20:00:00.000-04:00,1.0,1,0.8015223584393811,2026-03-17T13:22:52.822-04:00
2009-06-30T20:00:00.000-04:00,0.0,0,0.38973928083074283,2026-03-17T13:22:52.822-04:00
2009-07-31T20:00:00.000-04:00,0.0,0,0.07380686910280898,2026-03-17T13:22:52.822-04:00
2009-08-31T20:00:00.000-04:00,0.0,0,0.06108190077228959,2026-03-17T13:22:52.822-04:00
2009-09-30T20:00:00.000-04:00,0.0,0,0.16444420995119446,2026-03-17T13:22:52.822-04:00
2009-10-31T20:00:00.000-04:00,0.0,0,0.059117383130704915,2026-03-17T13:22:52.822-04:00
2009-11-30T19:00:00.000-05:00,0.0,0,0.029508435090384477,2026-03-17T13:22:52.822-04:00
2009-12-31T19:00:00.000-05:00,0.0,0,0.0070479960637542804,2026-03-17T13:22:52.822-04:00
2010-01-31T19:00:00.000-05:00,0.0,0,0.010564641910882688,2026-03-17T13:22:52.822-04:00
2010-02-28T19:00:00.000-05:00,0.0,0,0.01211721038221858,2026-03-17T13:22:52.822-04:00
2010-03-31T20:00:00.000-04:00,0.0,0,0.0163024224859315,2026-03-17T13:22:52.822-04:00
2010-04-30T20:00:00.000-04:00,0.0,0,0.0036999099402842406,2026-03-17T13:22:52.822-04:00
2010-05-31T20:00:00.000-04:00,0.0,0,7.514207790990657E-4,2026-03-17T13:22:52.822-04:00
2010-06-30T20:00:00.000-04:00,0.0,0,5.891835676559154E-4,2026-03-17T13:22:52.822-04:00
2010-07-31T20:00:00.000-04:00,0.0,0,0.008448214904234197,2026-03-17T13:22:52.822-04:00
2010-08-31T20:00:00.000-04:00,0.0,0,0.028820153709582685,2026-03-17T13:22:52.822-04:00
2010-09-30T20:00:00.000-04:00,0.0,0,0.021779284907268548,2026-03-17T13:22:52.822-04:00
2010-10-31T20:00:00.000-04:00,0.0,0,0.14684045590209593,2026-03-17T13:22:52.822-04:00
2010-11-30T19:00:00.000-05:00,0.0,0,0.018517015047288088,2026-03-17T13:22:52.822-04:00
2010-12-31T19:00:00.000-05:00,0.0,0,0.013407772766420023,2026-03-17T13:22:52.822-04:00
2011-01-31T19:00:00.000-05:00,0.0,0,8.739142677282041E-4,2026-03-17T13:22:52.822-04:00
2011-02-28T19:00:00.000-05:00,0.0,0,0.004144423354094262,2026-03-17T13:22:52.822-04:00
2011-03-31T20:00:00.000-04:00,0.0,0,0.015395562206443558,2026-03-17T13:22:52.822-04:00
2011-04-30T20:00:00.000-04:00,0.0,0,0.009978980036585261,2026-03-17T13:22:52.822-04:00
2011-05-31T20:00:00.000-04:00,0.0,0,0.018731728423779348,2026-03-17T13:22:52.822-04:00
2011-06-30T20:00:00.000-04:00,0.0,0,0.006021208934483657,2026-03-17T13:22:52.822-04:00
2011-07-31T20:00:00.000-04:00,0.0,0,0.01412454865563939,2026-03-17T13:22:52.822-04:00
2011-08-31T20:00:00.000-04:00,0.0,0,0.011004041558776212,2026-03-17T13:22:52.822-04:00
2011-09-30T20:00:00.000-04:00,0.0,0,0.00564722906605275,2026-03-17T13:22:52.822-04:00
2011-10-31T20:00:00.000-04:00,0.0,0,0.006495031334887824,2026-03-17T13:22:52.822-04:00
2011-11-30T19:00:00.000-05:00,0.0,0,0.00627775031618627,2026-03-17T13:22:52.822-04:00
2011-12-31T19:00:00.000-05:00,0.0,0,0.0042398663260257985,2026-03-17T13:22:52.822-04:00
2012-01-31T19:00:00.000-05:00,0.0,0,0.013745199887921222,2026-03-17T13:22:52.822-04:00
2012-02-29T19:00:00.000-05:00,0.0,0,0.013541332314735421,2026-03-17T13:22:52.822-04:00
2012-03-31T20:00:00.000-04:00,0.0,0,0.03640354966213011,2026-03-17T13:22:52.822-04:00
2012-04-30T20:00:00.000-04:00,0.0,0,0.03539948083268718,2026-03-17T13:22:52.822-04:00
2012-05-31T20:00:00.000-04:00,0.0,0,0.039479536234395374,2026-03-17T13:22:52.822-04:00
2012-06-30T20:00:00.000-04:00,0.0,0,0.04311030223717072,2026-03-17T13:22:52.822-04:00
2012-07-31T20:00:00.000-04:00,0.0,0,0.04065122035096458,2026-03-17T13:22:52.822-04:00
2012-08-31T20:00:00.000-04:00,0.0,0,0.010503465147102542,2026-03-17T13:22:52.822-04:00
2012-09-30T20:00:00.000-04:00,0.0,0,0.010348323905270518,2026-03-17T13:22:52.822-04:00
2012-10-31T20:00:00.000-04:00,0.0,0,0.007415592885537392,2026-03-17T13:22:52.822-04:00
2012-11-30T19:00:00.000-05:00,0.0,0,0.07340271652765773,2026-03-17T13:22:52.822-04:00
2012-12-31T19:00:00.000-05:00,0.0,0,0.1157148519674619,2026-03-17T13:22:52.822-04:00
2013-01-31T19:00:00.000-05:00,0.0,0,0.05766273038109726,2026-03-17T13:22:52.822-04:00
2013-02-28T19:00:00.000-05:00,0.0,0,0.007416126655214517,2026-03-17T13:22:52.822-04:00
2013-03-31T20:00:00.000-04:00,0.0,0,0.0048729132303722,2026-03-17T13:22:52.822-04:00
2013-04-30T20:00:00.000-04:00,0.0,0,0.0123150475224999,2026-03-17T13:22:52.822-04:00
2013-05-31T20:00:00.000-04:00,0.0,0,0.05101793093204243,2026-03-17T13:22:52.822-04:00
2013-06-30T20:00:00.000-04:00,0.0,0,0.020004675268320393,2026-03-17T13:22:52.822-04:00
2013-07-31T20:00:00.000-04:00,0.0,0,0.014463817483560959,2026-03-17T13:22:52.822-04:00
2013-08-31T20:00:00.000-04:00,0.0,0,0.007492304780225667,2026-03-17T13:22:52.822-04:00
2013-09-30T20:00:00.000-04:00,0.0,0,0.009340629643581733,2026-03-17T13:22:52.822-04:00
2013-10-31T20:00:00.000-04:00,0.0,0,0.00267773671021565,2026-03-17T13:22:52.822-04:00
2013-11-30T19:00:00.000-05:00,0.0,0,9.748479070427196E-4,2026-03-17T13:22:52.822-04:00
2013-12-31T19:00:00.000-05:00,0.0,0,8.06028474238718E-4,2026-03-17T13:22:52.822-04:00
2014-01-31T19:00:00.000-05:00,0.0,0,0.004465190210517056,2026-03-17T13:22:52.822-04:00
2014-02-28T19:00:00.000-05:00,0.0,0,0.00927708406699157,2026-03-17T13:22:52.822-04:00
2014-03-31T20:00:00.000-04:00,0.0,0,0.0012521892874745033,2026-03-17T13:22:52.822-04:00
2014-04-30T20:00:00.000-04:00,0.0,0,0.001426793647918756,2026-03-17T13:22:52.822-04:00
2014-05-31T20:00:00.000-04:00,0.0,0,4.7606339890093885E-4,2026-03-17T13:22:52.822-04:00
2014-06-30T20:00:00.000-04:00,0.0,0,0.009721944143173289,2026-03-17T13:22:52.822-04:00
2014-07-31T20:00:00.000-04:00,0.0,0,0.004659750432268073,2026-03-17T13:22:52.822-04:00
2014-08-31T20:00:00.000-04:00,0.0,0,0.004305320128061063,2026-03-17T13:22:52.822-04:00
2014-09-30T20:00:00.000-04:00,0.0,0,9.523242708060486E-4,2026-03-17T13:22:52.822-04:00
2014-10-31T20:00:00.000-04:00,0.0,0,0.0029393309249311494,2026-03-17T13:22:52.822-04:00
2014-11-30T19:00:00.000-05:00,0.0,0,0.002027649746123683,2026-03-17T13:22:52.822-04:00
2014-12-31T19:00:00.000-05:00,0.0,0,0.011582242921285846,2026-03-17T13:22:52.822-04:00
2015-01-31T19:00:00.000-05:00,0.0,0,0.00238530435112827,2026-03-17T13:22:52.822-04:00
2015-02-28T19:00:00.000-05:00,0.0,0,0.00521160661348441,2026-03-17T13:22:52.822-04:00
2015-03-31T20:00:00.000-04:00,0.0,0,0.004914259118904418,2026-03-17T13:22:52.822-04:00
2015-04-30T20:00:00.000-04:00,0.0,0,0.032980638789678385,2026-03-17T13:22:52.822-04:00
2015-05-31T20:00:00.000-04:00,0.0,0,0.011687203718526717,2026-03-17T13:22:52.822-04:00
2015-06-30T20:00:00.000-04:00,0.0,0,0.009225526482767976,2026-03-17T13:22:52.822-04:00
2015-07-31T20:00:00.000-04:00,0.0,0,0.0011895025116454017,2026-03-17T13:22:52.822-04:00
2015-08-31T20:00:00.000-04:00,0.0,0,0.002338298064301858,2026-03-17T13:22:52.822-04:00
2015-09-30T20:00:00.000-04:00,0.0,0,0.003841978476088581,2026-03-17T13:22:52.822-04:00
2015-10-31T20:00:00.000-04:00,0.0,0,0.01428859076617861,2026-03-17T13:22:52.822-04:00
2015-11-30T19:00:00.000-05:00,0.0,0,0.01290319760728953,2026-03-17T13:22:52.822-04:00
2015-12-31T19:00:00.000-05:00,0.0,0,0.00458377383538644,2026-03-17T13:22:52.822-04:00
2016-01-31T19:00:00.000-05:00,0.0,0,0.0028337316081418207,2026-03-17T13:22:52.822-04:00
2016-02-29T19:00:00.000-05:00,0.0,0,0.009530131362897154,2026-03-17T13:22:52.822-04:00
2016-03-31T20:00:00.000-04:00,0.0,0,0.0566121619448251,2026-03-17T13:22:52.822-04:00
2016-04-30T20:00:00.000-04:00,0.0,0,0.013459875890717177,2026-03-17T13:22:52.822-04:00
2016-05-31T20:00:00.000-04:00,0.0,0,0.011121629091260687,2026-03-17T13:22:52.822-04:00
2016-06-30T20:00:00.000-04:00,0.0,0,0.004249210552561777,2026-03-17T13:22:52.822-04:00
2016-07-31T20:00:00.000-04:00,0.0,0,0.028780489760339867,2026-03-17T13:22:52.822-04:00
2016-08-31T20:00:00.000-04:00,0.0,0,0.03730259132144376,2026-03-17T13:22:52.822-04:00
2016-09-30T20:00:00.000-04:00,0.0,0,0.043820304013555744,2026-03-17T13:22:52.822-04:00
2016-10-31T20:00:00.000-04:00,0.0,0,0.010637233709501426,2026-03-17T13:22:52.822-04:00
2016-11-30T19:00:00.000-05:00,0.0,0,0.007190273283070314,2026-03-17T13:22:52.822-04:00
2016-12-31T19:00:00.000-05:00,0.0,0,0.008401558326216252,2026-03-17T13:22:52.822-04:00
2017-01-31T19:00:00.000-05:00,0.0,0,0.007456446308614972,2026-03-17T13:22:52.822-04:00
2017-02-28T19:00:00.000-05:00,0.0,0,0.001665034267523513,2026-03-17T13:22:52.822-04:00
2017-03-31T20:00:00.000-04:00,0.0,0,0.0018094641802918199,2026-03-17T13:22:52.822-04:00
2017-04-30T20:00:00.000-04:00,0.0,0,0.002866541875512385,2026-03-17T13:22:52.822-04:00
2017-05-31T20:00:00.000-04:00,0.0,0,0.00438242561693869,2026-03-17T13:22:52.822-04:00
2017-06-30T20:00:00.000-04:00,0.0,0,0.006442597024903685,2026-03-17T13:22:52.822-04:00
2017-07-31T20:00:00.000-04:00,0.0,0,0.01000139164610414,2026-03-17T13:22:52.822-04:00
2017-08-31T20:00:00.000-04:00,0.0,0,0.013615808770950144,2026-03-17T13:22:52.822-04:00
2017-09-30T20:00:00.000-04:00,0.0,0,0.0079384305815412,2026-03-17T13:22:52.822-04:00
2017-10-31T20:00:00.000-04:00,0.0,0,0.005996131086807521,2026-03-17T13:22:52.822-04:00
2017-11-30T19:00:00.000-05:00,0.0,0,0.005346259189998759,2026-03-17T13:22:52.822-04:00
2017-12-31T19:00:00.000-05:00,0.0,0,0.003898058772460078,2026-03-17T13:22:52.822-04:00
2018-01-31T19:00:00.000-05:00,0.0,0,0.008086213195177772,2026-03-17T13:22:52.822-04:00
2018-02-28T19:00:00.000-05:00,0.0,0,0.009635147940532995,2026-03-17T13:22:52.822-04:00
2018-03-31T20:00:00.000-04:00,0.0,0,0.012516073640275072,2026-03-17T13:22:52.822-04:00
2018-04-30T20:00:00.000-04:00,0.0,0,0.0019114085249276602,2026-03-17T13:22:52.822-04:00
2018-05-31T20:00:00.000-04:00,0.0,0,0.009250928372487865,2026-03-17T13:22:52.822-04:00
2018-06-30T20:00:00.000-04:00,0.0,0,0.003818311693194909,2026-03-17T13:22:52.822-04:00
2018-07-31T20:00:00.000-04:00,0.0,0,0.008857468275712876,2026-03-17T13:22:52.822-04:00
2018-08-31T20:00:00.000-04:00,0.0,0,0.0026555735660696023,2026-03-17T13:22:52.822-04:00
2018-09-30T20:00:00.000-04:00,0.0,0,0.01416741686489853,2026-03-17T13:22:52.822-04:00
2018-10-31T20:00:00.000-04:00,0.0,0,0.01468427698657826,2026-03-17T13:22:52.822-04:00
2018-11-30T19:00:00.000-05:00,0.0,0,0.027637548579269144,2026-03-17T13:22:52.822-04:00
2018-12-31T19:00:00.000-05:00,0.0,0,0.024329079337710002,2026-03-17T13:22:52.822-04:00
2019-01-31T19:00:00.000-05:00,0.0,0,0.008805099480303058,2026-03-17T13:22:52.822-04:00
2019-02-28T19:00:00.000-05:00,0.0,0,0.008767251785225305,2026-03-17T13:22:52.822-04:00
2019-03-31T20:00:00.000-04:00,0.0,0,0.004230048931595176,2026-03-17T13:22:52.822-04:00
2019-04-30T20:00:00.000-04:00,0.0,0,0.007038241068575646,2026-03-17T13:22:52.822-04:00
2019-05-31T20:00:00.000-04:00,0.0,0,0.006883051833750264,2026-03-17T13:22:52.822-04:00
2019-06-30T20:00:00.000-04:00,0.0,0,0.01863974062929119,2026-03-17T13:22:52.822-04:00
2019-07-31T20:00:00.000-04:00,0.0,0,0.026207399638183193,2026-03-17T13:22:52.822-04:00
2019-08-31T20:00:00.000-04:00,0.0,0,0.025859449341084306,2026-03-17T13:22:52.822-04:00
2019-09-30T20:00:00.000-04:00,0.0,0,0.03288621826203986,2026-03-17T13:22:52.822-04:00
2019-10-31T20:00:00.000-04:00,0.0,0,0.07810320713677166,2026-03-17T13:22:52.822-04:00
2019-11-30T19:00:00.000-05:00,0.0,0,0.09606347064352427,2026-03-17T13:22:52.822-04:00
2019-12-31T19:00:00.000-05:00,0.0,0,0.040533927545475246,2026-03-17T13:22:52.822-04:00
2020-01-31T19:00:00.000-05:00,0.0,0,0.012254911721408246,2026-03-17T13:22:52.822-04:00
2020-02-29T19:00:00.000-05:00,1.0,1,0.674114901938113,2026-03-17T13:22:52.822-04:00
2020-03-31T20:00:00.000-04:00,1.0,1,1.0,2026-03-17T13:22:52.822-04:00
2020-04-30T20:00:00.000-04:00,0.0,1,1.0,2026-03-17T13:22:52.822-04:00
2020-05-31T20:00:00.000-04:00,0.0,1,0.999999999999852,2026-03-17T13:22:52.822-04:00
2020-06-30T20:00:00.000-04:00,0.0,0,1.4592771435673058E-12,2026-03-17T13:22:52.822-04:00
2020-07-31T20:00:00.000-04:00,0.0,0,4.078959392472825E-13,2026-03-17T13:22:52.822-04:00
2020-08-31T20:00:00.000-04:00,0.0,0,9.563563274639364E-10,2026-03-17T13:22:52.822-04:00
2020-09-30T20:00:00.000-04:00,0.0,0,5.519409373988537E-10,2026-03-17T13:22:52.822-04:00
2020-10-31T20:00:00.000-04:00,0.0,0,1.2768611664659701E-6,2026-03-17T13:22:52.822-04:00
2020-11-30T19:00:00.000-05:00,0.0,0,2.0267064418821867E-5,2026-03-17T13:22:52.822-04:00
2020-12-31T19:00:00.000-05:00,0.0,0,3.013283215916873E-4,2026-03-17T13:22:52.822-04:00
2021-01-31T19:00:00.000-05:00,0.0,0,2.3921937982607222E-4,2026-03-17T13:22:52.822-04:00
2021-02-28T19:00:00.000-05:00,0.0,0,1.4026855868354282E-4,2026-03-17T13:22:52.822-04:00
2021-03-31T20:00:00.000-04:00,0.0,0,4.183842156457729E-4,2026-03-17T13:22:52.822-04:00
2021-04-30T20:00:00.000-04:00,0.0,0,1.512340581165672E-4,2026-03-17T13:22:52.822-04:00
2021-05-31T20:00:00.000-04:00,0.0,0,2.427529755730795E-4,2026-03-17T13:22:52.822-04:00
2021-06-30T20:00:00.000-04:00,0.0,0,1.6815959249183443E-5,2026-03-17T13:22:52.822-04:00
2021-07-31T20:00:00.000-04:00,0.0,0,1.536201627683198E-5,2026-03-17T13:22:52.822-04:00
2021-08-31T20:00:00.000-04:00,0.0,0,1.4606254392646179E-6,2026-03-17T13:22:52.822-04:00
2021-09-30T20:00:00.000-04:00,0.0,0,9.905539377741412E-6,2026-03-17T13:22:52.822-04:00
2021-10-31T20:00:00.000-04:00,0.0,0,5.934037027643946E-6,2026-03-17T13:22:52.822-04:00
2021-11-30T19:00:00.000-05:00,0.0,0,1.3966990660030376E-5,2026-03-17T13:22:52.822-04:00
2021-12-31T19:00:00.000-05:00,0.0,0,5.6382354963524506E-5,2026-03-17T13:22:52.822-04:00
2022-01-31T19:00:00.000-05:00,0.0,0,3.4109825725603393E-4,2026-03-17T13:22:52.822-04:00
2022-02-28T19:00:00.000-05:00,0.0,0,5.463134050153196E-4,2026-03-17T13:22:52.822-04:00
2022-03-31T20:00:00.000-04:00,0.0,0,3.504280053493458E-4,2026-03-17T13:22:52.822-04:00
2022-04-30T20:00:00.000-04:00,0.0,0,2.5800395320196845E-4,2026-03-17T13:22:52.822-04:00
2022-05-31T20:00:00.000-04:00,0.0,0,6.138021362713797E-4,2026-03-17T13:22:52.822-04:00
2022-06-30T20:00:00.000-04:00,0.0,0,1.159196816307162E-4,2026-03-17T13:22:52.822-04:00
2022-07-31T20:00:00.000-04:00,0.0,0,2.5684097889122626E-4,2026-03-17T13:22:52.822-04:00
2022-08-31T20:00:00.000-04:00,0.0,0,3.820973601541544E-4,2026-03-17T13:22:52.822-04:00
2022-09-30T20:00:00.000-04:00,0.0,0,0.004809671816615069,2026-03-17T13:22:52.822-04:00
2022-10-31T20:00:00.000-04:00,0.0,0,0.004786942769967606,2026-03-17T13:22:52.822-04:00
2022-11-30T19:00:00.000-05:00,0.0,0,0.0014405923700520074,2026-03-17T13:22:52.822-04:00
2022-12-31T19:00:00.000-05:00,0.0,0,7.531085402505688E-4,2026-03-17T13:22:52.822-04:00
2023-01-31T19:00:00.000-05:00,0.0,0,0.0033511920245493654,2026-03-17T13:22:52.822-04:00
2023-02-28T19:00:00.000-05:00,0.0,0,0.01338772203860994,2026-03-17T13:22:52.822-04:00
2023-03-31T20:00:00.000-04:00,0.0,0,0.01114003620953008,2026-03-17T13:22:52.822-04:00
2023-04-30T20:00:00.000-04:00,0.0,0,0.01636693949245127,2026-03-17T13:22:52.822-04:00
2023-05-31T20:00:00.000-04:00,0.0,0,0.043925102443978625,2026-03-17T13:22:52.822-04:00
2023-06-30T20:00:00.000-04:00,0.0,0,0.08227861300641237,2026-03-17T13:22:52.822-04:00
2023-07-31T20:00:00.000-04:00,0.0,0,0.10016658735232054,2026-03-17T13:22:52.822-04:00
2023-08-31T20:00:00.000-04:00,0.0,0,0.0854062369771893,2026-03-17T13:22:52.822-04:00
2023-09-30T20:00:00.000-04:00,0.0,0,0.3241441232685298,2026-03-17T13:22:52.822-04:00
2023-10-31T20:00:00.000-04:00,0.0,0,0.050657444428130805,2026-03-17T13:22:52.822-04:00
2023-11-30T19:00:00.000-05:00,0.0,0,0.03716215245672827,2026-03-17T13:22:52.822-04:00
2023-12-31T19:00:00.000-05:00,0.0,0,0.0034056530651506156,2026-03-17T13:22:52.822-04:00
2024-01-31T19:00:00.000-05:00,0.0,0,0.04257906594041805,2026-03-17T13:22:52.822-04:00
2024-02-29T19:00:00.000-05:00,0.0,0,0.059403560997988936,2026-03-17T13:22:52.822-04:00
2024-03-31T20:00:00.000-04:00,0.0,0,0.09302451151589664,2026-03-17T13:22:52.822-04:00
2024-04-30T20:00:00.000-04:00,0.0,0,0.030805443853100245,2026-03-17T13:22:52.822-04:00
2024-05-31T20:00:00.000-04:00,0.0,0,0.07240037822709322,2026-03-17T13:22:52.822-04:00
2024-06-30T20:00:00.000-04:00,0.0,0,0.06619946179883962,2026-03-17T13:22:52.822-04:00
2024-07-31T20:00:00.000-04:00,0.0,0,0.05697342960113305,2026-03-17T13:22:52.822-04:00
2024-08-31T20:00:00.000-04:00,0.0,0,0.014704957344321978,2026-03-17T13:22:52.822-04:00
2024-09-30T20:00:00.000-04:00,0.0,0,0.013442791066723414,2026-03-17T13:22:52.822-04:00
2024-10-31T20:00:00.000-04:00,0.0,0,0.05964222555111631,2026-03-17T13:22:52.822-04:00
2024-11-30T19:00:00.000-05:00,0.0,0,0.05583690118607143,2026-03-17T13:22:52.822-04:00
2024-12-31T19:00:00.000-05:00,0.0,0,0.015575103617854191,2026-03-17T13:22:52.822-04:00
2025-01-31T19:00:00.000-05:00,0.0,0,0.011807839348599414,2026-03-17T13:22:52.822-04:00
2025-02-28T19:00:00.000-05:00,0.0,0,0.01205902115180657,2026-03-17T13:22:52.822-04:00
2025-03-31T20:00:00.000-04:00,0.0,0,0.010997648405333904,2026-03-17T13:22:52.822-04:00
2025-04-30T20:00:00.000-04:00,0.0,0,0.009186774940170284,2026-03-17T13:22:52.822-04:00
2025-05-31T20:00:00.000-04:00,0.0,0,0.004346076778908525,2026-03-17T13:22:52.822-04:00
2025-06-30T20:00:00.000-04:00,0.0,0,0.010403960674480683,2026-03-17T13:22:52.822-04:00
2025-07-31T20:00:00.000-04:00,0.0,0,0.004520064581573946,2026-03-17T13:22:52.822-04:00
2025-08-31T20:00:00.000-04:00,0.0,0,0.018560225729899238,2026-03-17T13:22:52.822-04:00
2025-10-31T20:00:00.000-04:00,0.0,0,0.012296543948464578,2026-03-17T13:22:52.822-04:00
2025-11-30T19:00:00.000-05:00,0.0,0,0.009280960695033702,2026-03-17T13:22:52.822-04:00
2025-12-31T19:00:00.000-05:00,0.0,0,0.003305491257757587,2026-03-17T13:22:52.822-04:00
