obs_date,CPI,DGS10,FEDFUNDS,M2SL,UNRATE,MORTGAGE30US,GDP,is_quarter_start,is_recession
1947-01-01 00:00:00+00:00,21.48,,,,,,243.16,1,0.0
1947-02-01 00:00:00+00:00,21.62,,,,,,,0,0.0
1947-03-01 00:00:00+00:00,22.0,,,,,,,0,0.0
1947-04-01 00:00:00+00:00,22.0,,,,,,245.97,1,0.0
1947-05-01 00:00:00+00:00,21.95,,,,,,,0,0.0
1947-06-01 00:00:00+00:00,22.08,,,,,,,0,0.0
1947-07-01 00:00:00+00:00,22.23,,,,,,249.59,1,0.0
1947-08-01 00:00:00+00:00,22.4,,,,,,,0,0.0
1947-09-01 00:00:00+00:00,22.84,,,,,,,0,0.0
1947-10-01 00:00:00+00:00,22.91,,,,,,259.75,1,0.0
1947-11-01 00:00:00+00:00,23.06,,,,,,,0,0.0
1947-12-01 00:00:00+00:00,23.41,,,,,,,0,0.0
1948-01-01 00:00:00+00:00,23.68,,,,3.4,,265.74,1,0.0
1948-02-01 00:00:00+00:00,23.67,,,,3.8,,,0,0.0
1948-03-01 00:00:00+00:00,23.5,,,,4.0,,,0,0.0
1948-04-01 00:00:00+00:00,23.82,,,,3.9,,272.57,1,0.0
1948-05-01 00:00:00+00:00,24.01,,,,3.5,,,0,0.0
1948-06-01 00:00:00+00:00,24.15,,,,3.6,,,0,0.0
1948-07-01 00:00:00+00:00,24.4,,,,3.6,,279.2,1,0.0
1948-08-01 00:00:00+00:00,24.43,,,,3.9,,,0,0.0
1948-09-01 00:00:00+00:00,24.36,,,,3.8,,,0,0.0
1948-10-01 00:00:00+00:00,24.31,,,,3.7,,280.37,1,0.0
1948-11-01 00:00:00+00:00,24.16,,,,3.8,,,0,0.0
1948-12-01 00:00:00+00:00,24.05,,,,4.0,,,0,1.0
1949-01-01 00:00:00+00:00,24.01,,,,4.3,,275.03,1,1.0
1949-02-01 00:00:00+00:00,23.91,,,,4.7,,,0,1.0
1949-03-01 00:00:00+00:00,23.91,,,,5.0,,,0,1.0
1949-04-01 00:00:00+00:00,23.92,,,,5.3,,271.35,1,1.0
1949-05-01 00:00:00+00:00,23.91,,,,6.1,,,0,1.0
1949-06-01 00:00:00+00:00,23.92,,,,6.2,,,0,1.0
1949-07-01 00:00:00+00:00,23.7,,,,6.7,,272.89,1,1.0
1949-08-01 00:00:00+00:00,23.7,,,,6.8,,,0,1.0
1949-09-01 00:00:00+00:00,23.75,,,,6.6,,,0,1.0
1949-10-01 00:00:00+00:00,23.67,,,,7.9,,270.63,1,1.0
1949-11-01 00:00:00+00:00,23.7,,,,6.4,,,0,0.0
1949-12-01 00:00:00+00:00,23.61,,,,6.6,,,0,0.0
1950-01-01 00:00:00+00:00,23.51,,,,6.5,,280.83,1,0.0
1950-02-01 00:00:00+00:00,23.61,,,,6.4,,,0,0.0
1950-03-01 00:00:00+00:00,23.64,,,,6.3,,,0,0.0
1950-04-01 00:00:00+00:00,23.65,,,,5.8,,290.38,1,0.0
1950-05-01 00:00:00+00:00,23.77,,,,5.5,,,0,0.0
1950-06-01 00:00:00+00:00,23.88,,,,5.4,,,0,0.0
1950-07-01 00:00:00+00:00,24.07,,,,5.0,,308.15,1,0.0
1950-08-01 00:00:00+00:00,24.2,,,,4.5,,,0,0.0
1950-09-01 00:00:00+00:00,24.34,,,,4.4,,,0,0.0
1950-10-01 00:00:00+00:00,24.5,,,,4.2,,319.95,1,0.0
1950-11-01 00:00:00+00:00,24.6,,,,4.2,,,0,0.0
1950-12-01 00:00:00+00:00,24.98,,,,4.3,,,0,0.0
1951-01-01 00:00:00+00:00,25.38,,,,3.7,,336.0,1,0.0
1951-02-01 00:00:00+00:00,25.83,,,,3.4,,,0,0.0
1951-03-01 00:00:00+00:00,25.88,,,,3.4,,,0,0.0
1951-04-01 00:00:00+00:00,25.92,,,,3.1,,344.09,1,0.0
1951-05-01 00:00:00+00:00,25.99,,,,3.0,,,0,0.0
1951-06-01 00:00:00+00:00,25.93,,,,3.2,,,0,0.0
1951-07-01 00:00:00+00:00,25.91,,,,3.1,,351.39,1,0.0
1951-08-01 00:00:00+00:00,25.86,,,,3.1,,,0,0.0
1951-09-01 00:00:00+00:00,26.03,,,,3.3,,,0,0.0
1951-10-01 00:00:00+00:00,26.16,,,,3.5,,356.18,1,0.0
1951-11-01 00:00:00+00:00,26.32,,,,3.5,,,0,0.0
1951-12-01 00:00:00+00:00,26.47,,,,3.1,,,0,0.0
1952-01-01 00:00:00+00:00,26.45,,,,3.2,,359.82,1,0.0
1952-02-01 00:00:00+00:00,26.41,,,,3.1,,,0,0.0
1952-03-01 00:00:00+00:00,26.39,,,,2.9,,,0,0.0
1952-04-01 00:00:00+00:00,26.46,,,,2.9,,361.03,1,0.0
1952-05-01 00:00:00+00:00,26.47,,,,3.0,,,0,0.0
1952-06-01 00:00:00+00:00,26.53,,,,3.0,,,0,0.0
1952-07-01 00:00:00+00:00,26.68,,,,3.2,,367.7,1,0.0
1952-08-01 00:00:00+00:00,26.69,,,,3.4,,,0,0.0
1952-09-01 00:00:00+00:00,26.63,,,,3.1,,,0,0.0
1952-10-01 00:00:00+00:00,26.69,,,,3.0,,380.81,1,0.0
1952-11-01 00:00:00+00:00,26.69,,,,2.8,,,0,0.0
1952-12-01 00:00:00+00:00,26.71,,,,2.7,,,0,0.0
1953-01-01 00:00:00+00:00,26.64,,,,2.9,,387.98,1,0.0
1953-02-01 00:00:00+00:00,26.59,,,,2.6,,,0,0.0
1953-03-01 00:00:00+00:00,26.63,,,,2.6,,,0,0.0
1953-04-01 00:00:00+00:00,26.69,,,,2.7,,391.75,1,0.0
1953-05-01 00:00:00+00:00,26.7,,,,2.5,,,0,0.0
1953-06-01 00:00:00+00:00,26.77,,,,2.5,,,0,0.0
1953-07-01 00:00:00+00:00,26.79,,,,2.6,,391.17,1,0.0
1953-08-01 00:00:00+00:00,26.85,,,,2.7,,,0,1.0
1953-09-01 00:00:00+00:00,26.89,,,,2.9,,,0,1.0
1953-10-01 00:00:00+00:00,26.95,,,,3.1,,385.97,1,1.0
1953-11-01 00:00:00+00:00,26.85,,,,3.5,,,0,1.0
1953-12-01 00:00:00+00:00,26.87,,,,4.5,,,0,1.0
1954-01-01 00:00:00+00:00,26.94,,,,4.9,,385.35,1,1.0
1954-02-01 00:00:00+00:00,26.99,,,,5.2,,,0,1.0
1954-03-01 00:00:00+00:00,26.93,,,,5.7,,,0,1.0
1954-04-01 00:00:00+00:00,26.86,,,,5.9,,386.12,1,1.0
1954-05-01 00:00:00+00:00,26.93,,,,5.9,,,0,1.0
1954-06-01 00:00:00+00:00,26.94,,,,5.6,,,0,0.0
1954-07-01 00:00:00+00:00,26.86,,0.8,,5.8,,391.0,1,0.0
1954-08-01 00:00:00+00:00,26.85,,1.22,,6.0,,,0,0.0
1954-09-01 00:00:00+00:00,26.81,,1.07,,6.1,,,0,0.0
1954-10-01 00:00:00+00:00,26.72,,0.85,,5.7,,399.73,1,0.0
1954-11-01 00:00:00+00:00,26.78,,0.83,,5.3,,,0,0.0
1954-12-01 00:00:00+00:00,26.77,,1.28,,5.0,,,0,0.0
1955-01-01 00:00:00+00:00,26.77,,1.39,,4.9,,413.07,1,0.0
1955-02-01 00:00:00+00:00,26.82,,1.29,,4.7,,,0,0.0
1955-03-01 00:00:00+00:00,26.79,,1.35,,4.6,,,0,0.0
1955-04-01 00:00:00+00:00,26.79,,1.43,,4.7,,421.53,1,0.0
1955-05-01 00:00:00+00:00,26.77,,1.43,,4.3,,,0,0.0
1955-06-01 00:00:00+00:00,26.71,,1.64,,4.2,,,0,0.0
1955-07-01 00:00:00+00:00,26.76,,1.68,,4.0,,430.22,1,0.0
1955-08-01 00:00:00+00:00,26.72,,1.96,,4.2,,,0,0.0
1955-09-01 00:00:00+00:00,26.85,,2.18,,4.1,,,0,0.0
1955-10-01 00:00:00+00:00,26.82,,2.24,,4.3,,437.09,1,0.0
1955-11-01 00:00:00+00:00,26.88,,2.35,,4.2,,,0,0.0
1955-12-01 00:00:00+00:00,26.87,,2.48,,4.2,,,0,0.0
1956-01-01 00:00:00+00:00,26.83,,2.45,,4.0,,439.75,1,0.0
1956-02-01 00:00:00+00:00,26.86,,2.5,,3.9,,,0,0.0
1956-03-01 00:00:00+00:00,26.89,,2.5,,4.2,,,0,0.0
1956-04-01 00:00:00+00:00,26.93,,2.62,,4.0,,446.01,1,0.0
1956-05-01 00:00:00+00:00,27.03,,2.75,,4.3,,,0,0.0
1956-06-01 00:00:00+00:00,27.15,,2.71,,4.3,,,0,0.0
1956-07-01 00:00:00+00:00,27.29,,2.75,,4.4,,451.19,1,0.0
1956-08-01 00:00:00+00:00,27.31,,2.73,,4.1,,,0,0.0
1956-09-01 00:00:00+00:00,27.35,,2.95,,3.9,,,0,0.0
1956-10-01 00:00:00+00:00,27.51,,2.96,,3.9,,460.46,1,0.0
1956-11-01 00:00:00+00:00,27.51,,2.88,,4.3,,,0,0.0
1956-12-01 00:00:00+00:00,27.63,,2.94,,4.2,,,0,0.0
1957-01-01 00:00:00+00:00,27.67,,2.84,,4.2,,469.78,1,0.0
1957-02-01 00:00:00+00:00,27.8,,3.0,,3.9,,,0,0.0
1957-03-01 00:00:00+00:00,27.86,,2.96,,3.7,,,0,0.0
1957-04-01 00:00:00+00:00,27.93,,3.0,,3.9,,472.03,1,0.0
1957-05-01 00:00:00+00:00,28.0,,3.0,,4.1,,,0,0.0
1957-06-01 00:00:00+00:00,28.11,,3.0,,4.3,,,0,0.0
1957-07-01 00:00:00+00:00,28.19,,2.99,,4.2,,479.49,1,0.0
1957-08-01 00:00:00+00:00,28.28,,3.24,,4.1,,,0,0.0
1957-09-01 00:00:00+00:00,28.32,,3.47,,4.4,,,0,1.0
1957-10-01 00:00:00+00:00,28.32,,3.5,,4.5,,474.86,1,1.0
1957-11-01 00:00:00+00:00,28.41,,3.28,,5.1,,,0,1.0
1957-12-01 00:00:00+00:00,28.47,,2.98,,5.2,,,0,1.0
1958-01-01 00:00:00+00:00,28.64,,2.72,,5.8,,467.54,1,1.0
1958-02-01 00:00:00+00:00,28.7,,1.67,,6.4,,,0,1.0
1958-03-01 00:00:00+00:00,28.87,,1.2,,6.7,,,0,1.0
1958-04-01 00:00:00+00:00,28.94,,1.26,,7.4,,471.98,1,1.0
1958-05-01 00:00:00+00:00,28.94,,0.63,,7.4,,,0,0.0
1958-06-01 00:00:00+00:00,28.91,,0.93,,7.3,,,0,0.0
1958-07-01 00:00:00+00:00,28.89,,0.68,,7.5,,485.84,1,0.0
1958-08-01 00:00:00+00:00,28.94,,1.53,,7.4,,,0,0.0
1958-09-01 00:00:00+00:00,28.91,,1.76,,7.1,,,0,0.0
1958-10-01 00:00:00+00:00,28.91,,1.8,,6.7,,499.56,1,0.0
1958-11-01 00:00:00+00:00,28.95,,2.27,,6.2,,,0,0.0
1958-12-01 00:00:00+00:00,28.97,,2.42,,6.2,,,0,0.0
1959-01-01 00:00:00+00:00,29.01,,2.48,286.6,6.0,,510.33,1,0.0
1959-02-01 00:00:00+00:00,29.0,,2.43,287.7,5.9,,,0,0.0
1959-03-01 00:00:00+00:00,28.97,,2.8,289.2,5.6,,,0,0.0
1959-04-01 00:00:00+00:00,28.98,,2.96,290.1,5.2,,522.65,1,0.0
1959-05-01 00:00:00+00:00,29.04,,2.9,292.2,5.1,,,0,0.0
1959-06-01 00:00:00+00:00,29.11,,3.39,294.1,5.0,,,0,0.0
1959-07-01 00:00:00+00:00,29.15,,3.47,295.2,5.1,,525.03,1,0.0
1959-08-01 00:00:00+00:00,29.18,,3.5,296.4,5.2,,,0,0.0
1959-09-01 00:00:00+00:00,29.25,,3.76,296.7,5.5,,,0,0.0
1959-10-01 00:00:00+00:00,29.35,,3.98,296.5,5.7,,528.6,1,0.0
1959-11-01 00:00:00+00:00,29.35,,4.0,297.1,5.8,,,0,0.0
1959-12-01 00:00:00+00:00,29.41,,3.99,297.8,5.3,,,0,0.0
1960-01-01 00:00:00+00:00,29.37,,3.99,298.2,5.2,,542.65,1,0.0
1960-02-01 00:00:00+00:00,29.41,,3.97,298.4,4.8,,,0,0.0
1960-03-01 00:00:00+00:00,29.41,,3.84,299.3,5.4,,,0,0.0
1960-04-01 00:00:00+00:00,29.54,,3.92,300.1,5.2,,541.08,1,0.0
1960-05-01 00:00:00+00:00,29.57,,3.85,300.9,5.1,,,0,1.0
1960-06-01 00:00:00+00:00,29.61,,3.32,302.3,5.4,,,0,1.0
1960-07-01 00:00:00+00:00,29.55,,3.23,304.1,5.5,,545.6,1,1.0
1960-08-01 00:00:00+00:00,29.61,,2.98,306.9,5.6,,,0,1.0
1960-09-01 00:00:00+00:00,29.61,,2.6,308.4,5.5,,,0,1.0
1960-10-01 00:00:00+00:00,29.75,,2.47,309.5,6.1,,540.2,1,1.0
1960-11-01 00:00:00+00:00,29.78,,2.44,310.9,6.1,,,0,1.0
1960-12-01 00:00:00+00:00,29.81,,1.98,312.4,6.6,,,0,1.0
1961-01-01 00:00:00+00:00,29.84,,1.45,314.1,6.6,,545.02,1,1.0
1961-02-01 00:00:00+00:00,29.84,,2.54,316.5,6.9,,,0,1.0
1961-03-01 00:00:00+00:00,29.84,,2.02,318.3,6.9,,,0,0.0
1961-04-01 00:00:00+00:00,29.81,,1.49,319.9,7.0,,555.55,1,0.0
1961-05-01 00:00:00+00:00,29.84,,1.98,322.2,7.1,,,0,0.0
1961-06-01 00:00:00+00:00,29.84,,1.73,324.3,6.9,,,0,0.0
1961-07-01 00:00:00+00:00,29.92,,1.17,325.6,7.0,,567.66,1,0.0
1961-08-01 00:00:00+00:00,29.94,,2.0,327.6,6.6,,,0,0.0
1961-09-01 00:00:00+00:00,29.98,,1.88,329.5,6.7,,,0,0.0
1961-10-01 00:00:00+00:00,29.98,,2.26,331.1,6.5,,580.61,1,0.0
1961-11-01 00:00:00+00:00,29.98,,2.61,333.4,6.1,,,0,0.0
1961-12-01 00:00:00+00:00,30.01,,2.33,335.5,6.0,,,0,0.0
1962-01-01 00:00:00+00:00,30.04,4.083181818181818,2.15,337.5,5.8,,594.01,1,0.0
1962-02-01 00:00:00+00:00,30.11,4.039444444444445,2.37,340.1,5.5,,,0,0.0
1962-03-01 00:00:00+00:00,30.17,3.9304545454545465,2.85,343.1,5.6,,,0,0.0
1962-04-01 00:00:00+00:00,30.21,3.843,2.78,345.5,5.6,,600.37,1,0.0
1962-05-01 00:00:00+00:00,30.24,3.8736363636363644,2.36,347.5,5.5,,,0,0.0
1962-06-01 00:00:00+00:00,30.21,3.9090476190476187,2.68,349.3,5.5,,,0,0.0
1962-07-01 00:00:00+00:00,30.22,4.014285714285714,2.71,350.8,5.4,,609.03,1,0.0
1962-08-01 00:00:00+00:00,30.28,3.975652173913043,2.93,352.8,5.7,,,0,0.0
1962-09-01 00:00:00+00:00,30.42,3.978947368421052,2.9,354.9,5.6,,,0,0.0
1962-10-01 00:00:00+00:00,30.38,3.9254545454545453,2.9,357.2,5.4,,612.28,1,0.0
1962-11-01 00:00:00+00:00,30.38,3.9157894736842107,2.94,359.8,5.7,,,0,0.0
1962-12-01 00:00:00+00:00,30.38,3.8644999999999996,2.93,362.7,5.5,,,0,0.0
1963-01-01 00:00:00+00:00,30.44,3.833636363636364,2.92,365.2,5.7,,621.67,1,0.0
1963-02-01 00:00:00+00:00,30.48,3.921111111111111,3.0,367.9,5.9,,,0,0.0
1963-03-01 00:00:00+00:00,30.51,3.9285714285714284,2.98,370.7,5.7,,,0,0.0
1963-04-01 00:00:00+00:00,30.48,3.970952380952381,2.9,373.3,5.7,,629.75,1,0.0
1963-05-01 00:00:00+00:00,30.51,3.9299999999999997,3.0,376.1,5.9,,,0,0.0
1963-06-01 00:00:00+00:00,30.61,3.9930000000000008,2.99,378.4,5.6,,,0,0.0
1963-07-01 00:00:00+00:00,30.69,4.020454545454545,3.02,381.1,5.6,,644.44,1,0.0
1963-08-01 00:00:00+00:00,30.75,4.002272727272728,3.49,383.6,5.4,,,0,0.0
1963-09-01 00:00:00+00:00,30.72,4.077499999999999,3.48,386.0,5.5,,,0,0.0
1963-10-01 00:00:00+00:00,30.75,4.1060869565217395,3.5,388.3,5.5,,653.94,1,0.0
1963-11-01 00:00:00+00:00,30.78,4.121764705882352,3.48,391.5,5.7,,,0,0.0
1963-12-01 00:00:00+00:00,30.88,4.128571428571429,3.38,393.2,5.5,,,0,0.0
1964-01-01 00:00:00+00:00,30.94,4.166818181818183,3.48,395.2,5.6,,669.82,1,0.0
1964-02-01 00:00:00+00:00,30.91,4.145555555555556,3.48,397.6,5.4,,,0,0.0
1964-03-01 00:00:00+00:00,30.94,4.219523809523811,3.43,399.8,5.4,,,0,0.0
1964-04-01 00:00:00+00:00,30.95,4.232272727272728,3.47,401.7,5.3,,678.67,1,0.0
1964-05-01 00:00:00+00:00,30.98,4.199999999999999,3.5,404.2,5.1,,,0,0.0
1964-06-01 00:00:00+00:00,31.01,4.170000000000002,3.5,407.1,5.2,,,0,0.0
1964-07-01 00:00:00+00:00,31.02,4.1859090909090915,3.42,410.1,4.9,,692.03,1,0.0
1964-08-01 00:00:00+00:00,31.05,4.193809523809523,3.5,413.4,5.0,,,0,0.0
1964-09-01 00:00:00+00:00,31.08,4.203809523809523,3.45,416.9,5.1,,,0,0.0
1964-10-01 00:00:00+00:00,31.12,4.188095238095238,3.36,419.1,5.1,,697.32,1,0.0
1964-11-01 00:00:00+00:00,31.21,4.152777777777779,3.52,422.0,4.8,,,0,0.0
1964-12-01 00:00:00+00:00,31.25,4.179545454545454,3.85,424.7,5.0,,,0,0.0
1965-01-01 00:00:00+00:00,31.28,4.1895,3.9,427.5,4.9,,717.79,1,0.0
1965-02-01 00:00:00+00:00,31.28,4.211111111111111,3.98,430.4,5.1,,,0,0.0
1965-03-01 00:00:00+00:00,31.31,4.210434782608695,4.05,433.2,4.7,,,0,0.0
1965-04-01 00:00:00+00:00,31.38,4.2038095238095226,4.09,435.4,4.8,,730.19,1,0.0
1965-05-01 00:00:00+00:00,31.48,4.2115,4.1,437.1,4.6,,,0,0.0
1965-06-01 00:00:00+00:00,31.61,4.213181818181819,4.05,440.1,4.6,,,0,0.0
1965-07-01 00:00:00+00:00,31.58,4.204761904761906,4.09,442.9,4.4,,749.32,1,0.0
1965-08-01 00:00:00+00:00,31.55,4.252272727272726,4.12,445.8,4.4,,,0,0.0
1965-09-01 00:00:00+00:00,31.62,4.29047619047619,4.02,449.5,4.3,,,0,0.0
1965-10-01 00:00:00+00:00,31.65,4.3495,4.08,452.6,4.2,,771.86,1,0.0
1965-11-01 00:00:00+00:00,31.75,4.448947368421053,4.1,455.7,4.1,,,0,0.0
1965-12-01 00:00:00+00:00,31.85,4.615454545454547,4.32,459.2,4.0,,,0,0.0
1966-01-01 00:00:00+00:00,31.88,4.612380952380952,4.42,462.0,4.0,,795.73,1,0.0
1966-02-01 00:00:00+00:00,32.08,4.832105263157896,4.6,464.6,3.8,,,0,0.0
1966-03-01 00:00:00+00:00,32.18,4.873478260869566,4.66,467.2,3.8,,,0,0.0
1966-04-01 00:00:00+00:00,32.28,4.75,4.67,469.3,3.8,,804.98,1,0.0
1966-05-01 00:00:00+00:00,32.35,4.778571428571428,4.9,470.1,3.9,,,0,0.0
1966-06-01 00:00:00+00:00,32.38,4.814545454545454,5.17,471.2,3.8,,,0,0.0
1966-07-01 00:00:00+00:00,32.45,5.017999999999999,5.3,470.9,3.8,,819.64,1,0.0
1966-08-01 00:00:00+00:00,32.65,5.224347826086958,5.53,472.6,3.8,,,0,0.0
1966-09-01 00:00:00+00:00,32.75,5.182380952380952,5.4,475.4,3.7,,,0,0.0
1966-10-01 00:00:00+00:00,32.85,5.0115,5.53,475.7,3.7,,833.3,1,0.0
1966-11-01 00:00:00+00:00,32.88,5.155263157894738,5.76,477.3,3.6,,,0,0.0
1966-12-01 00:00:00+00:00,32.92,4.8428571428571425,5.4,480.2,3.8,,,0,0.0
1967-01-01 00:00:00+00:00,32.9,4.579047619047619,4.94,481.6,3.9,,844.17,1,0.0
1967-02-01 00:00:00+00:00,33.0,4.626666666666667,5.0,485.1,3.8,,,0,0.0
1967-03-01 00:00:00+00:00,33.0,4.541818181818181,4.53,489.7,3.8,,,0,0.0
1967-04-01 00:00:00+00:00,33.1,4.593500000000001,4.05,492.1,3.8,,848.98,1,0.0
1967-05-01 00:00:00+00:00,33.1,4.847727272727273,3.94,497.2,3.8,,,0,0.0
1967-06-01 00:00:00+00:00,33.3,5.0227272727272725,3.98,502.0,3.9,,,0,0.0
1967-07-01 00:00:00+00:00,33.4,5.159000000000001,3.79,506.3,3.8,,865.23,1,0.0
1967-08-01 00:00:00+00:00,33.5,5.275652173913043,3.9,510.8,3.8,,,0,0.0
1967-09-01 00:00:00+00:00,33.6,5.3020000000000005,3.99,514.7,3.8,,,0,0.0
1967-10-01 00:00:00+00:00,33.7,5.480952380952381,3.88,518.2,4.0,,881.44,1,0.0
1967-11-01 00:00:00+00:00,33.9,5.753500000000001,4.13,521.2,3.9,,,0,0.0
1967-12-01 00:00:00+00:00,34.0,5.699000000000001,4.51,524.8,3.8,,,0,0.0
1968-01-01 00:00:00+00:00,34.1,5.528636363636364,4.61,527.4,3.7,,909.39,1,0.0
1968-02-01 00:00:00+00:00,34.2,5.563684210526316,4.71,530.4,3.8,,,0,0.0
1968-03-01 00:00:00+00:00,34.3,5.74,5.05,533.2,3.7,,,0,0.0
1968-04-01 00:00:00+00:00,34.4,5.6385,5.76,535.7,3.5,,934.34,1,0.0
1968-05-01 00:00:00+00:00,34.5,5.869545454545454,6.12,538.9,3.5,,,0,0.0
1968-06-01 00:00:00+00:00,34.7,5.718,6.07,542.6,3.7,,,0,0.0
1968-07-01 00:00:00+00:00,34.9,5.495454545454546,6.03,545.6,3.7,,950.83,1,0.0
1968-08-01 00:00:00+00:00,35.0,5.420454545454545,6.03,549.4,3.5,,,0,0.0
1968-09-01 00:00:00+00:00,35.1,5.46,5.78,553.6,3.4,,,0,0.0
1968-10-01 00:00:00+00:00,35.3,5.582608695652173,5.91,557.6,3.4,,968.03,1,0.0
1968-11-01 00:00:00+00:00,35.4,5.696111111111112,5.82,562.4,3.4,,,0,0.0
1968-12-01 00:00:00+00:00,35.6,6.031904761904761,6.02,566.8,3.4,,,0,0.0
1969-01-01 00:00:00+00:00,35.7,6.041818181818183,6.3,569.3,3.4,,993.34,1,0.0
1969-02-01 00:00:00+00:00,35.8,6.188947368421052,6.61,571.9,3.4,,,0,0.0
1969-03-01 00:00:00+00:00,36.1,6.295999999999999,6.79,574.4,3.4,,,0,0.0
1969-04-01 00:00:00+00:00,36.3,6.173333333333333,7.41,575.7,3.4,,1009.02,1,0.0
1969-05-01 00:00:00+00:00,36.4,6.323333333333333,8.67,576.5,3.4,,,0,0.0
1969-06-01 00:00:00+00:00,36.6,6.574285714285713,8.9,578.5,3.5,,,0,0.0
1969-07-01 00:00:00+00:00,36.8,6.71952380952381,8.61,579.5,3.5,,1029.96,1,0.0
1969-08-01 00:00:00+00:00,36.9,6.691428571428573,9.19,580.1,3.5,,,0,0.0
1969-09-01 00:00:00+00:00,37.1,7.159523809523808,9.15,582.1,3.7,,,0,0.0
1969-10-01 00:00:00+00:00,37.3,7.095454545454545,9.0,583.4,3.7,,1038.15,1,0.0
1969-11-01 00:00:00+00:00,37.5,7.144117647058825,8.85,585.4,3.5,,,0,0.0
1969-12-01 00:00:00+00:00,37.7,7.65409090909091,8.97,587.9,3.5,,,0,0.0
1970-01-01 00:00:00+00:00,37.9,7.794761904761906,8.98,589.6,3.9,,1051.2,1,1.0
1970-02-01 00:00:00+00:00,38.1,7.238333333333334,8.98,586.3,4.2,,,0,1.0
1970-03-01 00:00:00+00:00,38.3,7.072857142857144,7.76,587.3,4.4,,,0,1.0
1970-04-01 00:00:00+00:00,38.5,7.390909090909091,8.1,588.4,4.6,,1067.38,1,1.0
1970-05-01 00:00:00+00:00,38.6,7.906190476190475,7.95,591.5,4.8,,,0,1.0
1970-06-01 00:00:00+00:00,38.8,7.841818181818184,7.61,595.2,4.9,,,0,1.0
1970-07-01 00:00:00+00:00,38.9,7.457272727272726,7.21,599.1,5.0,,1086.06,1,1.0
1970-08-01 00:00:00+00:00,39.0,7.5271428571428585,6.62,604.9,5.1,,,0,1.0
1970-09-01 00:00:00+00:00,39.2,7.38952380952381,6.29,611.2,5.4,,,0,1.0
1970-10-01 00:00:00+00:00,39.4,7.326666666666666,6.2,616.4,5.5,,1088.61,1,1.0
1970-11-01 00:00:00+00:00,39.6,6.841111111111112,5.6,621.1,5.9,,,0,1.0
1970-12-01 00:00:00+00:00,39.8,6.391363636363637,4.9,626.5,6.1,,,0,0.0
1971-01-01 00:00:00+00:00,39.9,6.238500000000001,4.14,632.9,5.9,,1135.16,1,0.0
1971-02-01 00:00:00+00:00,39.9,6.112222222222223,3.72,641.0,5.9,,,0,0.0
1971-03-01 00:00:00+00:00,40.0,5.7034782608695656,3.71,649.9,6.0,,,0,0.0
1971-04-01 00:00:00+00:00,40.1,5.8338095238095224,4.16,658.4,5.9,7.31,1156.27,1,0.0
1971-05-01 00:00:00+00:00,40.3,6.3925,4.63,666.7,5.9,7.425000000000001,,0,0.0
1971-06-01 00:00:00+00:00,40.5,6.5222727272727266,4.91,673.0,5.9,7.529999999999999,,0,0.0
1971-07-01 00:00:00+00:00,40.6,6.729523809523809,5.31,679.6,6.0,7.603999999999999,1177.68,1,0.0
1971-08-01 00:00:00+00:00,40.7,6.582727272727274,5.57,685.5,6.1,7.697500000000001,,0,0.0
1971-09-01 00:00:00+00:00,40.8,6.13952380952381,5.55,692.5,6.0,7.6875,,0,0.0
1971-10-01 00:00:00+00:00,40.9,5.925789473684212,5.2,698.4,5.8,7.628,1190.3,1,0.0
1971-11-01 00:00:00+00:00,41.0,5.81,4.91,704.6,6.0,7.549999999999999,,0,0.0
1971-12-01 00:00:00+00:00,41.1,5.926363636363636,4.14,710.3,6.0,7.480000000000001,,0,0.0
1972-01-01 00:00:00+00:00,41.2,5.947619047619047,3.51,717.7,5.8,7.4375,1230.61,1,0.0
1972-02-01 00:00:00+00:00,41.4,6.081,3.3,725.7,5.7,7.324999999999999,,0,0.0
1972-03-01 00:00:00+00:00,41.4,6.068636363636363,3.83,733.5,5.8,7.297999999999999,,0,0.0
1972-04-01 00:00:00+00:00,41.5,6.194499999999999,4.17,738.4,5.7,7.289999999999999,1266.37,1,0.0
1972-05-01 00:00:00+00:00,41.6,6.126363636363636,4.27,743.3,5.7,7.3725000000000005,,0,0.0
1972-06-01 00:00:00+00:00,41.7,6.1068181818181815,4.46,749.7,5.7,7.372,,0,0.0
1972-07-01 00:00:00+00:00,41.8,6.113,4.55,759.5,5.6,7.395,1290.57,1,0.0
1972-08-01 00:00:00+00:00,41.9,6.2104347826086945,4.81,768.7,5.6,7.4,,0,0.0
1972-09-01 00:00:00+00:00,42.1,6.5495,4.87,778.3,5.5,7.419999999999999,,0,0.0
1972-10-01 00:00:00+00:00,42.2,6.4795,5.05,786.9,5.6,7.42,1328.9,1,0.0
1972-11-01 00:00:00+00:00,42.4,6.280499999999999,5.06,793.9,5.3,7.4275,,0,0.0
1972-12-01 00:00:00+00:00,42.5,6.358500000000001,5.33,802.3,5.2,7.442,,0,0.0
1973-01-01 00:00:00+00:00,42.7,6.464545454545455,5.94,810.3,4.9,7.4375,1377.49,1,0.0
1973-02-01 00:00:00+00:00,43.0,6.635555555555555,6.58,814.1,5.0,7.4399999999999995,,0,0.0
1973-03-01 00:00:00+00:00,43.4,6.70909090909091,7.09,815.3,4.9,7.458,,0,0.0
1973-04-01 00:00:00+00:00,43.7,6.668499999999999,7.12,819.7,5.0,7.5424999999999995,1413.89,1,0.0
1973-05-01 00:00:00+00:00,43.9,6.847272727272728,7.84,826.8,4.9,7.6525,,0,0.0
1973-06-01 00:00:00+00:00,44.2,6.899999999999999,8.49,833.3,4.9,7.734,,0,0.0
1973-07-01 00:00:00+00:00,44.2,7.130952380952381,10.4,836.5,4.8,8.049999999999999,1433.84,1,0.0
1973-08-01 00:00:00+00:00,45.0,7.404782608695651,10.5,838.8,4.8,8.496,,0,0.0
1973-09-01 00:00:00+00:00,45.2,7.0905263157894725,10.78,839.3,4.8,8.815,,0,0.0
1973-10-01 00:00:00+00:00,45.6,6.794285714285716,10.01,842.6,4.6,8.77,1476.29,1,0.0
1973-11-01 00:00:00+00:00,45.9,6.7284999999999995,10.03,848.9,4.8,8.581999999999999,,0,0.0
1973-12-01 00:00:00+00:00,46.3,6.743684210526314,9.95,855.5,4.9,8.5375,,0,1.0
1974-01-01 00:00:00+00:00,46.8,6.988636363636362,9.65,859.7,5.1,8.54,1491.21,1,1.0
1974-02-01 00:00:00+00:00,47.3,6.957222222222223,8.97,864.2,5.2,8.455,,0,1.0
1974-03-01 00:00:00+00:00,47.8,7.2090476190476185,9.35,870.1,5.1,8.406,,0,1.0
1974-04-01 00:00:00+00:00,48.1,7.512380952380953,10.51,872.9,5.1,8.5825,1530.06,1,1.0
1974-05-01 00:00:00+00:00,48.6,7.575909090909093,11.31,874.6,5.1,8.972,,0,1.0
1974-06-01 00:00:00+00:00,49.0,7.535499999999997,11.93,877.8,5.4,9.085,,0,1.0
1974-07-01 00:00:00+00:00,49.3,7.804999999999998,12.92,881.4,5.5,9.28,1560.03,1,1.0
1974-08-01 00:00:00+00:00,49.9,8.04409090909091,12.01,884.1,5.5,9.586,,0,1.0
1974-09-01 00:00:00+00:00,50.6,8.0375,11.34,887.9,5.9,9.9575,,0,1.0
1974-10-01 00:00:00+00:00,51.0,7.896818181818182,10.06,893.3,6.0,9.9775,1599.68,1,1.0
1974-11-01 00:00:00+00:00,51.5,7.681111111111109,9.45,898.6,6.6,9.788,,0,1.0
1974-12-01 00:00:00+00:00,51.9,7.433809523809523,8.53,902.1,7.2,9.615,,0,1.0
1975-01-01 00:00:00+00:00,52.3,7.501363636363638,7.13,906.3,8.1,9.431999999999999,1616.12,1,1.0
1975-02-01 00:00:00+00:00,52.6,7.392222222222222,6.24,914.1,8.1,9.105,,0,1.0
1975-03-01 00:00:00+00:00,52.8,7.728,5.54,925.0,8.6,8.9025,,0,1.0
1975-04-01 00:00:00+00:00,53.0,8.226818181818182,5.49,935.1,8.8,8.82,1651.85,1,0.0
1975-05-01 00:00:00+00:00,53.1,8.05952380952381,5.22,947.9,9.0,8.906,,0,0.0
1975-06-01 00:00:00+00:00,53.5,7.86095238095238,5.55,963.0,8.8,8.8925,,0,0.0
1975-07-01 00:00:00+00:00,54.0,8.061363636363636,6.1,975.1,8.6,8.89,1709.82,1,0.0
1975-08-01 00:00:00+00:00,54.2,8.397619047619049,6.14,983.1,8.4,8.941999999999998,,0,0.0
1975-09-01 00:00:00+00:00,54.6,8.426666666666666,6.24,991.5,8.4,9.13,,0,0.0
1975-10-01 00:00:00+00:00,54.9,8.137727272727272,5.82,997.8,8.4,9.224,1761.83,1,0.0
1975-11-01 00:00:00+00:00,55.3,8.05294117647059,5.22,1006.9,8.3,9.145,,0,0.0
1975-12-01 00:00:00+00:00,55.6,7.996818181818181,5.2,1016.2,8.2,9.0975,,0,0.0
1976-01-01 00:00:00+00:00,55.8,7.7423809523809535,4.87,1026.6,7.9,9.016,1820.49,1,0.0
1976-02-01 00:00:00+00:00,55.9,7.792777777777778,4.77,1040.3,7.7,8.8125,,0,0.0
1976-03-01 00:00:00+00:00,56.0,7.734347826086955,4.84,1050.0,7.6,8.754999999999999,,0,0.0
1976-04-01 00:00:00+00:00,56.1,7.564285714285714,4.82,1060.8,7.7,8.73,1852.33,1,0.0
1976-05-01 00:00:00+00:00,56.4,7.8950000000000005,5.29,1072.1,7.4,8.765,,0,0.0
1976-06-01 00:00:00+00:00,56.7,7.861363636363638,5.48,1077.6,7.6,8.8475,,0,0.0
1976-07-01 00:00:00+00:00,57.0,7.831904761904762,5.31,1086.3,7.8,8.934000000000001,1886.56,1,0.0
1976-08-01 00:00:00+00:00,57.3,7.7686363636363645,5.29,1098.7,7.8,9.0,,0,0.0
1976-09-01 00:00:00+00:00,57.6,7.594285714285715,5.25,1110.8,7.6,8.9775,,0,0.0
1976-10-01 00:00:00+00:00,57.9,7.411,5.02,1125.0,7.7,8.93,1934.27,1,0.0
1976-11-01 00:00:00+00:00,58.1,7.291052631578946,4.95,1138.2,7.8,8.8125,,0,0.0
1976-12-01 00:00:00+00:00,58.4,6.869090909090909,4.65,1152.0,7.8,8.792,,0,0.0
1977-01-01 00:00:00+00:00,58.7,7.213333333333336,4.61,1165.2,7.5,8.7225,1988.65,1,0.0
1977-02-01 00:00:00+00:00,59.3,7.3910526315789475,4.68,1177.6,7.6,8.67,,0,0.0
1977-03-01 00:00:00+00:00,59.6,7.459999999999999,4.69,1188.5,7.4,8.6875,,0,0.0
1977-04-01 00:00:00+00:00,60.0,7.3705,4.73,1199.6,7.2,8.751999999999999,2055.91,1,0.0
1977-05-01 00:00:00+00:00,60.2,7.456666666666664,5.35,1209.0,7.0,8.8275,,0,0.0
1977-06-01 00:00:00+00:00,60.5,7.2754545454545445,5.39,1217.8,7.2,8.8575,,0,0.0
1977-07-01 00:00:00+00:00,60.8,7.329999999999999,5.42,1226.7,6.9,8.942,2118.47,1,0.0
1977-08-01 00:00:00+00:00,61.1,7.396521739130436,5.9,1237.0,7.0,8.94,,0,0.0
1977-09-01 00:00:00+00:00,61.3,7.343809523809522,6.14,1246.2,6.8,8.895999999999999,,0,0.0
1977-10-01 00:00:00+00:00,61.6,7.523500000000001,6.47,1254.0,6.8,8.9225,2164.27,1,0.0
1977-11-01 00:00:00+00:00,62.0,7.577368421052633,6.51,1262.4,6.8,8.9225,,0,0.0
1977-12-01 00:00:00+00:00,62.3,7.685238095238096,6.56,1270.3,6.4,8.959999999999999,,0,0.0
1978-01-01 00:00:00+00:00,62.7,7.956190476190476,6.7,1279.7,6.4,9.015,2202.76,1,0.0
1978-02-01 00:00:00+00:00,63.0,8.033333333333333,6.78,1285.5,6.3,9.145,,0,0.0
1978-03-01 00:00:00+00:00,63.4,8.03590909090909,6.79,1292.2,6.3,9.202000000000002,,0,0.0
1978-04-01 00:00:00+00:00,63.9,8.154,6.89,1300.4,6.1,9.355,2331.63,1,0.0
1978-05-01 00:00:00+00:00,64.5,8.345714285714287,7.36,1310.5,6.0,9.5725,,0,0.0
1978-06-01 00:00:00+00:00,65.0,8.462272727272728,7.6,1318.5,5.9,9.708000000000002,,0,0.0
1978-07-01 00:00:00+00:00,65.5,8.64,7.81,1324.1,6.2,9.74,2395.05,1,0.0
1978-08-01 00:00:00+00:00,65.9,8.410869565217391,8.04,1333.5,5.9,9.785,,0,0.0
1978-09-01 00:00:00+00:00,66.5,8.4165,8.45,1345.0,6.0,9.756,,0,0.0
1978-10-01 00:00:00+00:00,67.1,8.642380952380952,8.96,1352.3,5.8,9.8575,2476.95,1,0.0
1978-11-01 00:00:00+00:00,67.5,8.805000000000003,9.76,1359.1,5.9,10.1075,,0,0.0
1978-12-01 00:00:00+00:00,67.9,9.006499999999999,10.03,1366.0,6.0,10.346,,0,0.0
1979-01-01 00:00:00+00:00,68.5,9.099545454545455,10.07,1371.6,5.9,10.39,2526.61,1,0.0
1979-02-01 00:00:00+00:00,69.2,9.098333333333334,10.06,1377.8,5.9,10.407499999999999,,0,0.0
1979-03-01 00:00:00+00:00,69.9,9.117272727272729,10.09,1387.8,5.8,10.425999999999998,,0,0.0
1979-04-01 00:00:00+00:00,70.6,9.182,10.01,1402.1,5.8,10.4975,2591.25,1,0.0
1979-05-01 00:00:00+00:00,71.4,9.252380952380951,10.24,1410.2,5.6,10.690000000000001,,0,0.0
1979-06-01 00:00:00+00:00,72.2,8.913809523809524,10.29,1423.0,5.7,11.036000000000001,,0,0.0
1979-07-01 00:00:00+00:00,73.0,8.950000000000001,10.47,1434.8,5.7,11.0925,2667.57,1,0.0
1979-08-01 00:00:00+00:00,73.7,9.029565217391307,10.94,1446.6,6.0,11.094000000000001,,0,0.0
1979-09-01 00:00:00+00:00,74.4,9.334736842105263,11.43,1454.1,5.9,11.3,,0,0.0
1979-10-01 00:00:00+00:00,75.2,10.29909090909091,13.77,1460.4,6.0,11.6375,2723.88,1,0.0
1979-11-01 00:00:00+00:00,76.0,10.653157894736841,13.18,1465.9,5.9,12.830000000000002,,0,0.0
1979-12-01 00:00:00+00:00,76.9,10.386000000000001,13.78,1473.7,6.0,12.9,,0,0.0
1980-01-01 00:00:00+00:00,78.0,10.802272727272726,13.82,1482.7,6.3,12.8775,2789.84,1,0.0
1980-02-01 00:00:00+00:00,79.0,12.414736842105265,14.13,1494.6,6.3,13.040000000000001,,0,1.0
1980-03-01 00:00:00+00:00,80.1,12.749047619047618,17.19,1499.8,6.3,15.282499999999999,,0,1.0
1980-04-01 00:00:00+00:00,80.9,11.473333333333333,17.61,1502.2,6.9,16.325000000000003,2797.35,1,1.0
1980-05-01 00:00:00+00:00,81.7,10.181428571428572,10.98,1512.3,7.5,14.262,,0,1.0
1980-06-01 00:00:00+00:00,82.5,9.778095238095238,9.47,1529.2,7.6,12.71,,0,1.0
1980-07-01 00:00:00+00:00,82.6,10.247727272727273,9.03,1545.5,7.8,12.1925,2856.48,1,1.0
1980-08-01 00:00:00+00:00,83.2,11.101904761904764,9.61,1561.5,7.7,12.559999999999999,,0,0.0
1980-09-01 00:00:00+00:00,83.9,11.508571428571429,10.87,1574.0,7.5,13.1975,,0,0.0
1980-10-01 00:00:00+00:00,84.7,11.751363636363633,12.81,1584.8,7.5,13.792000000000002,2985.56,1,0.0
1980-11-01 00:00:00+00:00,85.6,12.684705882352942,15.85,1595.8,7.5,14.205,,0,0.0
1980-12-01 00:00:00+00:00,86.4,12.844090909090907,18.9,1599.8,7.2,14.79,,0,0.0
1981-01-01 00:00:00+00:00,87.2,12.568571428571431,19.08,1606.9,7.5,14.904000000000002,3124.21,1,0.0
1981-02-01 00:00:00+00:00,88.0,13.194444444444448,15.93,1618.7,7.4,15.1325,,0,0.0
1981-03-01 00:00:00+00:00,88.6,13.115909090909094,14.7,1636.6,7.4,15.4,,0,0.0
1981-04-01 00:00:00+00:00,89.1,13.679523809523811,15.72,1659.2,7.2,15.579999999999998,3162.53,1,0.0
1981-05-01 00:00:00+00:00,89.7,14.0995,18.52,1664.2,7.5,16.401999999999997,,0,0.0
1981-06-01 00:00:00+00:00,90.5,13.47227272727273,19.1,1670.3,7.5,16.695,,0,0.0
1981-07-01 00:00:00+00:00,91.5,14.280909090909091,19.04,1681.9,7.2,16.832,3260.61,1,0.0
1981-08-01 00:00:00+00:00,92.2,14.93714285714286,17.82,1694.3,7.4,17.285,,0,1.0
1981-09-01 00:00:00+00:00,93.1,15.32380952380952,15.87,1706.0,7.6,18.16,,0,1.0
1981-10-01 00:00:00+00:00,93.4,15.14809523809524,15.08,1721.8,7.9,18.454,3280.82,1,1.0
1981-11-01 00:00:00+00:00,93.8,13.392777777777773,13.31,1736.1,8.3,17.825000000000003,,0,1.0
1981-12-01 00:00:00+00:00,94.1,13.724545454545456,12.37,1755.5,8.5,16.945999999999998,,0,1.0
1982-01-01 00:00:00+00:00,94.4,14.594,13.22,1770.4,8.6,17.485,3274.3,1,1.0
1982-02-01 00:00:00+00:00,94.7,14.425555555555556,14.78,1774.5,8.9,17.597499999999997,,0,1.0
1982-03-01 00:00:00+00:00,94.7,13.861304347826087,14.68,1786.5,9.0,17.160000000000004,,0,1.0
1982-04-01 00:00:00+00:00,95.0,13.871904761904762,14.94,1803.9,9.3,16.892000000000003,3331.97,1,1.0
1982-05-01 00:00:00+00:00,95.9,13.622499999999999,14.45,1815.4,9.4,16.6775,,0,1.0
1982-06-01 00:00:00+00:00,97.0,14.299545454545456,14.15,1826.0,9.6,16.697499999999998,,0,1.0
1982-07-01 00:00:00+00:00,97.5,13.946190476190477,12.59,1831.5,9.8,16.815999999999995,3366.32,1,1.0
1982-08-01 00:00:00+00:00,97.7,13.055000000000001,10.12,1845.2,9.8,16.27,,0,1.0
1982-09-01 00:00:00+00:00,97.7,12.33904761904762,10.31,1858.4,10.1,15.43,,0,1.0
1982-10-01 00:00:00+00:00,98.1,10.906500000000001,9.71,1869.7,10.4,14.608,3402.56,1,1.0
1982-11-01 00:00:00+00:00,98.0,10.550526315789472,9.2,1883.7,10.8,13.825,,0,1.0
1982-12-01 00:00:00+00:00,97.7,10.54,8.95,1905.9,10.8,13.624,,0,0.0
1983-01-01 00:00:00+00:00,97.9,10.457142857142859,8.68,1959.4,10.4,13.2475,3473.41,1,0.0
1983-02-01 00:00:00+00:00,98.0,10.724736842105262,8.51,1996.8,10.4,13.0425,,0,0.0
1983-03-01 00:00:00+00:00,98.1,10.506521739130438,8.77,2015.2,10.3,12.8,,0,0.0
1983-04-01 00:00:00+00:00,98.8,10.4,8.8,2028.6,10.2,12.782,3578.85,1,0.0
1983-05-01 00:00:00+00:00,99.2,10.38,8.63,2043.1,10.1,12.6325,,0,0.0
1983-06-01 00:00:00+00:00,99.4,10.848636363636365,8.98,2053.5,10.1,12.870000000000001,,0,0.0
1983-07-01 00:00:00+00:00,99.8,11.376999999999999,9.37,2064.8,9.4,13.422,3689.18,1,0.0
1983-08-01 00:00:00+00:00,100.1,11.846086956521738,9.56,2074.0,9.5,13.81,,0,0.0
1983-09-01 00:00:00+00:00,100.4,11.653809523809525,9.45,2083.2,9.2,13.725999999999999,,0,0.0
1983-10-01 00:00:00+00:00,100.8,11.541,9.48,2099.2,8.8,13.534999999999998,3794.71,1,0.0
1983-11-01 00:00:00+00:00,101.1,11.690000000000003,9.34,2112.3,8.5,13.435,,0,0.0
1983-12-01 00:00:00+00:00,101.4,11.82952380952381,9.47,2123.5,8.3,13.419999999999998,,0,0.0
1984-01-01 00:00:00+00:00,102.1,11.674285714285713,9.56,2138.2,8.0,13.3675,3908.05,1,0.0
1984-02-01 00:00:00+00:00,102.6,11.842105263157896,9.59,2158.2,7.8,13.2325,,0,0.0
1984-03-01 00:00:00+00:00,102.9,12.319090909090905,9.91,2175.2,7.8,13.386,,0,0.0
1984-04-01 00:00:00+00:00,103.3,12.6335,10.29,2191.7,7.7,13.6525,4009.6,1,0.0
1984-05-01 00:00:00+00:00,103.5,13.408636363636363,10.32,2204.1,7.4,13.942499999999999,,0,0.0
1984-06-01 00:00:00+00:00,103.7,13.562857142857146,11.06,2215.1,7.2,14.416,,0,0.0
1984-07-01 00:00:00+00:00,104.1,13.362380952380953,11.23,2223.5,7.5,14.6675,4084.25,1,0.0
1984-08-01 00:00:00+00:00,104.4,12.716086956521737,11.64,2230.4,7.5,14.469999999999999,,0,0.0
1984-09-01 00:00:00+00:00,104.7,12.522631578947369,11.3,2244.4,7.3,14.35,,0,0.0
1984-10-01 00:00:00+00:00,105.1,12.160454545454547,9.99,2258.9,7.4,14.129999999999999,4148.55,1,0.0
1984-11-01 00:00:00+00:00,105.3,11.572631578947368,9.43,2281.4,7.2,13.638,,0,0.0
1984-12-01 00:00:00+00:00,105.5,11.4995,8.38,2306.4,7.3,13.18,,0,0.0
1985-01-01 00:00:00+00:00,105.7,11.384285714285717,8.35,2332.4,7.3,13.075,4230.17,1,0.0
1985-02-01 00:00:00+00:00,106.3,11.508888888888889,8.5,2354.1,7.2,12.92,,0,0.0
1985-03-01 00:00:00+00:00,106.8,11.855238095238096,8.58,2366.2,7.2,13.169999999999998,,0,0.0
1985-04-01 00:00:00+00:00,107.0,11.434761904761903,8.27,2375.4,7.3,13.194999999999999,4294.89,1,0.0
1985-05-01 00:00:00+00:00,107.2,10.846818181818183,7.97,2389.5,7.2,12.913999999999998,,0,0.0
1985-06-01 00:00:00+00:00,107.5,10.156,7.53,2412.6,7.4,12.215,,0,0.0
1985-07-01 00:00:00+00:00,107.7,10.306818181818182,7.88,2429.5,7.4,12.0325,4386.77,1,0.0
1985-08-01 00:00:00+00:00,107.9,10.331818181818182,7.9,2444.0,7.1,12.186,,0,0.0
1985-09-01 00:00:00+00:00,108.1,10.373157894736842,7.92,2456.4,7.1,12.1925,,0,0.0
1985-10-01 00:00:00+00:00,108.5,10.236818181818181,7.99,2468.0,7.1,12.135,4444.09,1,0.0
1985-11-01 00:00:00+00:00,109.0,9.781578947368423,8.05,2477.8,7.0,11.784,,0,0.0
1985-12-01 00:00:00+00:00,109.5,9.25904761904762,8.27,2492.1,7.0,11.260000000000002,,0,0.0
1986-01-01 00:00:00+00:00,109.9,9.193809523809524,8.14,2502.1,6.7,10.886,4507.89,1,0.0
1986-02-01 00:00:00+00:00,109.7,8.70421052631579,7.86,2512.9,7.2,10.709999999999999,,0,0.0
1986-03-01 00:00:00+00:00,109.1,7.778499999999998,7.48,2533.1,7.2,10.08,,0,0.0
1986-04-01 00:00:00+00:00,108.7,7.29909090909091,6.99,2557.8,7.1,9.9375,4545.34,1,0.0
1986-05-01 00:00:00+00:00,109.0,7.709523809523809,6.85,2584.8,7.2,10.144,,0,0.0
1986-06-01 00:00:00+00:00,109.4,7.799523809523808,6.92,2605.0,7.2,10.6825,,0,0.0
1986-07-01 00:00:00+00:00,109.5,7.303181818181818,6.56,2626.6,7.0,10.5075,4607.67,1,0.0
1986-08-01 00:00:00+00:00,109.6,7.165714285714284,6.17,2646.5,6.9,10.2,,0,0.0
1986-09-01 00:00:00+00:00,110.0,7.447619047619048,5.89,2667.8,7.0,10.0075,,0,0.0
1986-10-01 00:00:00+00:00,110.2,7.426363636363635,5.85,2687.4,7.0,9.974,4657.63,1,0.0
1986-11-01 00:00:00+00:00,110.4,7.2505555555555565,6.04,2701.3,6.9,9.695,,0,0.0
1986-12-01 00:00:00+00:00,110.8,7.112727272727271,6.91,2728.0,6.6,9.309999999999999,,0,0.0
1987-01-01 00:00:00+00:00,111.4,7.084500000000001,6.43,2743.9,6.6,9.203999999999999,4722.16,1,0.0
1987-02-01 00:00:00+00:00,111.8,7.2505263157894735,6.1,2747.5,6.6,9.0825,,0,0.0
1987-03-01 00:00:00+00:00,112.2,7.248636363636364,6.13,2753.7,6.6,9.035,,0,0.0
1987-04-01 00:00:00+00:00,112.7,8.022857142857143,6.37,2767.7,6.3,9.8325,4806.16,1,0.0
1987-05-01 00:00:00+00:00,113.0,8.613000000000001,6.85,2772.9,6.3,10.596,,0,0.0
1987-06-01 00:00:00+00:00,113.5,8.402272727272727,6.73,2774.6,6.2,10.5375,,0,0.0
1987-07-01 00:00:00+00:00,113.8,8.446818181818182,6.58,2779.0,6.1,10.278,4884.56,1,0.0
1987-08-01 00:00:00+00:00,114.3,8.760476190476188,6.73,2788.2,6.0,10.33,,0,0.0
1987-09-01 00:00:00+00:00,114.7,9.421904761904763,7.22,2799.5,5.9,10.8875,,0,0.0
1987-10-01 00:00:00+00:00,115.0,9.519999999999998,7.29,2814.8,6.0,11.26,5007.99,1,0.0
1987-11-01 00:00:00+00:00,115.4,8.860526315789471,6.69,2818.9,5.8,10.649999999999999,,0,0.0
1987-12-01 00:00:00+00:00,115.6,8.987727272727273,6.77,2826.4,5.7,10.639999999999999,,0,0.0
1988-01-01 00:00:00+00:00,116.0,8.665789473684208,6.83,2847.4,5.7,10.3825,5073.37,1,0.0
1988-02-01 00:00:00+00:00,116.2,8.212,6.58,2870.4,5.7,9.8925,,0,0.0
1988-03-01 00:00:00+00:00,116.5,8.373478260869565,6.58,2890.7,5.7,9.930000000000001,,0,0.0
1988-04-01 00:00:00+00:00,117.2,8.7185,6.87,2910.7,5.4,10.202000000000002,5190.04,1,0.0
1988-05-01 00:00:00+00:00,117.5,9.089047619047617,7.09,2926.0,5.6,10.455,,0,0.0
1988-06-01 00:00:00+00:00,118.0,8.921363636363635,7.51,2938.4,5.4,10.459999999999999,,0,0.0
1988-07-01 00:00:00+00:00,118.5,9.056000000000001,7.75,2947.2,5.4,10.432,5282.84,1,0.0
1988-08-01 00:00:00+00:00,119.0,9.260434782608694,8.01,2952.0,5.6,10.5975,,0,0.0
1988-09-01 00:00:00+00:00,119.5,8.977142857142857,8.19,2956.9,5.4,10.48,,0,0.0
1988-10-01 00:00:00+00:00,119.9,8.7955,8.3,2965.3,5.4,10.3025,5399.51,1,0.0
1988-11-01 00:00:00+00:00,120.3,8.9625,8.35,2980.2,5.3,10.265,,0,0.0
1988-12-01 00:00:00+00:00,120.7,9.105714285714287,8.76,2988.2,5.3,10.612,,0,0.0
1989-01-01 00:00:00+00:00,121.2,9.0915,9.12,2991.7,5.4,10.73,5511.25,1,0.0
1989-02-01 00:00:00+00:00,121.6,9.168947368421055,9.36,2992.2,5.2,10.645,,0,0.0
1989-03-01 00:00:00+00:00,122.2,9.357727272727272,9.85,2999.7,5.0,11.032,,0,0.0
1989-04-01 00:00:00+00:00,123.1,9.175500000000001,9.84,3006.0,5.2,11.05,5612.46,1,0.0
1989-05-01 00:00:00+00:00,123.7,8.859090909090908,9.81,3011.6,5.2,10.772499999999999,,0,0.0
1989-06-01 00:00:00+00:00,124.1,8.27727272727273,9.53,3027.9,5.3,10.196,,0,0.0
1989-07-01 00:00:00+00:00,124.5,8.0185,9.24,3052.4,5.2,9.8825,5695.37,1,0.0
1989-08-01 00:00:00+00:00,124.5,8.112608695652176,8.99,3074.4,5.2,9.985,,0,0.0
1989-09-01 00:00:00+00:00,124.8,8.190500000000004,9.02,3092.5,5.3,10.126,,0,0.0
1989-10-01 00:00:00+00:00,125.4,8.007619047619048,8.84,3114.1,5.3,9.9475,5747.24,1,0.0
1989-11-01 00:00:00+00:00,125.9,7.874285714285714,8.55,3133.3,5.4,9.7675,,0,0.0
1989-12-01 00:00:00+00:00,126.3,7.836,8.45,3152.5,5.4,9.744,,0,0.0
1990-01-01 00:00:00+00:00,127.5,8.206666666666667,8.23,3166.8,5.4,9.895,5872.7,1,0.0
1990-02-01 00:00:00+00:00,128.0,8.473157894736843,8.24,3179.2,5.3,10.197500000000002,,0,0.0
1990-03-01 00:00:00+00:00,128.6,8.588636363636365,8.28,3190.1,5.2,10.267999999999999,,0,0.0
1990-04-01 00:00:00+00:00,128.9,8.7855,8.26,3201.6,5.4,10.37,5960.03,1,0.0
1990-05-01 00:00:00+00:00,129.1,8.758181818181818,8.18,3200.6,5.4,10.4775,,0,0.0
1990-06-01 00:00:00+00:00,129.9,8.480000000000002,8.29,3213.7,5.2,10.164,,0,0.0
1990-07-01 00:00:00+00:00,130.5,8.471428571428573,8.15,3224.5,5.5,10.035,6015.12,1,0.0
1990-08-01 00:00:00+00:00,131.6,8.752608695652174,8.13,3242.0,5.7,10.100000000000001,,0,1.0
1990-09-01 00:00:00+00:00,132.5,8.893157894736841,8.2,3254.6,5.9,10.175,,0,1.0
1990-10-01 00:00:00+00:00,133.4,8.719545454545454,8.11,3259.3,5.9,10.1775,6004.73,1,1.0
1990-11-01 00:00:00+00:00,133.7,8.392,7.81,3262.6,6.2,10.014,,0,1.0
1990-12-01 00:00:00+00:00,134.2,8.075,7.31,3271.8,6.3,9.6725,,0,1.0
1991-01-01 00:00:00+00:00,134.7,8.091904761904763,6.91,3287.7,6.4,9.6375,6035.18,1,1.0
1991-02-01 00:00:00+00:00,134.8,7.854736842105262,6.25,3304.5,6.6,9.365,,0,1.0
1991-03-01 00:00:00+00:00,134.8,8.110000000000001,6.12,3321.9,6.8,9.5,,0,1.0
1991-04-01 00:00:00+00:00,135.1,8.039090909090909,5.91,3332.4,6.7,9.4925,6126.86,1,0.0
1991-05-01 00:00:00+00:00,135.6,8.067727272727272,5.78,3343.0,6.9,9.472,,0,0.0
1991-06-01 00:00:00+00:00,136.0,8.284000000000002,5.9,3351.9,6.9,9.615,,0,0.0
1991-07-01 00:00:00+00:00,136.2,8.272727272727272,5.82,3356.1,6.8,9.575,6205.94,1,0.0
1991-08-01 00:00:00+00:00,136.6,7.8999999999999995,5.66,3355.0,6.9,9.244,,0,0.0
1991-09-01 00:00:00+00:00,137.0,7.650000000000001,5.45,3354.9,6.9,9.0075,,0,0.0
1991-10-01 00:00:00+00:00,137.2,7.527272727272727,5.21,3360.1,7.0,8.855,6264.54,1,0.0
1991-11-01 00:00:00+00:00,137.8,7.417368421052631,4.81,3365.5,7.0,8.712,,0,0.0
1991-12-01 00:00:00+00:00,138.2,7.088571428571428,4.43,3372.2,7.3,8.4975,,0,0.0
1992-01-01 00:00:00+00:00,138.3,7.032380952380953,4.03,3381.2,7.3,8.431999999999999,6363.1,1,0.0
1992-02-01 00:00:00+00:00,138.6,7.337894736842106,4.06,3400.0,7.4,8.7625,,0,0.0
1992-03-01 00:00:00+00:00,139.1,7.542272727272726,3.98,3403.9,7.4,8.934999999999999,,0,0.0
1992-04-01 00:00:00+00:00,139.4,7.480476190476191,3.73,3399.7,7.4,8.852500000000001,6470.76,1,0.0
1992-05-01 00:00:00+00:00,139.7,7.392000000000001,3.82,3398.6,7.6,8.672,,0,0.0
1992-06-01 00:00:00+00:00,140.1,7.26181818181818,3.76,3393.4,7.8,8.51,,0,0.0
1992-07-01 00:00:00+00:00,140.5,6.844545454545455,3.25,3393.9,7.7,8.128,6566.64,1,0.0
1992-08-01 00:00:00+00:00,140.8,6.585714285714286,3.3,3398.8,7.6,7.975,,0,0.0
1992-09-01 00:00:00+00:00,141.1,6.415238095238097,3.22,3410.3,7.6,7.9225,,0,0.0
1992-10-01 00:00:00+00:00,141.7,6.589047619047619,3.1,3423.8,7.3,8.088000000000001,6680.8,1,0.0
1992-11-01 00:00:00+00:00,142.1,6.873157894736842,3.09,3426.5,7.4,8.305,,0,0.0
1992-12-01 00:00:00+00:00,142.3,6.769999999999999,2.92,3424.7,7.4,8.206,,0,0.0
1993-01-01 00:00:00+00:00,142.8,6.6,3.02,3419.1,7.3,7.9925,6729.46,1,0.0
1993-02-01 00:00:00+00:00,143.1,6.258947368421054,3.03,3414.5,7.1,7.682500000000001,,0,0.0
1993-03-01 00:00:00+00:00,143.3,5.975217391304348,3.07,3411.7,7.0,7.495,,0,0.0
1993-04-01 00:00:00+00:00,143.8,5.969523809523809,2.96,3411.3,7.1,7.4719999999999995,6808.94,1,0.0
1993-05-01 00:00:00+00:00,144.2,6.0355,3.0,3436.9,7.1,7.465,,0,0.0
1993-06-01 00:00:00+00:00,144.3,5.962727272727272,3.04,3442.4,7.0,7.4174999999999995,,0,0.0
1993-07-01 00:00:00+00:00,144.5,5.805238095238097,3.06,3442.0,6.9,7.206,6882.1,1,0.0
1993-08-01 00:00:00+00:00,144.8,5.677727272727274,3.03,3445.7,6.8,7.112499999999999,,0,0.0
1993-09-01 00:00:00+00:00,145.0,5.36,3.09,3452.2,6.7,6.915,,0,0.0
1993-10-01 00:00:00+00:00,145.6,5.333999999999999,2.99,3456.7,6.8,6.8340000000000005,7013.74,1,0.0
1993-11-01 00:00:00+00:00,146.0,5.724000000000001,3.02,3470.1,6.6,7.155,,0,0.0
1993-12-01 00:00:00+00:00,146.3,5.7740909090909085,2.96,3474.5,6.5,7.1720000000000015,,0,0.0
1994-01-01 00:00:00+00:00,146.3,5.750500000000001,3.05,3474.9,6.6,7.06,7115.65,1,0.0
1994-02-01 00:00:00+00:00,146.7,5.9731578947368416,3.25,3475.7,6.6,7.1525,,0,0.0
1994-03-01 00:00:00+00:00,147.1,6.482608695652175,3.34,3480.1,6.5,7.675,,0,0.0
1994-04-01 00:00:00+00:00,147.2,6.972105263157893,3.56,3481.3,6.4,8.315999999999999,7246.93,1,0.0
1994-05-01 00:00:00+00:00,147.5,7.183333333333333,4.01,3490.8,6.1,8.5975,,0,0.0
1994-06-01 00:00:00+00:00,147.9,7.101363636363635,4.25,3479.5,6.1,8.3975,,0,0.0
1994-07-01 00:00:00+00:00,148.4,7.298,4.26,3488.2,6.1,8.614,7331.08,1,0.0
1994-08-01 00:00:00+00:00,149.0,7.236086956521739,4.47,3485.7,6.0,8.512500000000001,,0,0.0
1994-09-01 00:00:00+00:00,149.3,7.4571428571428555,4.73,3486.1,5.9,8.64,,0,0.0
1994-10-01 00:00:00+00:00,149.4,7.744,4.76,3484.3,5.8,8.925,7455.29,1,0.0
1994-11-01 00:00:00+00:00,149.8,7.955,5.29,3487.2,5.6,9.17,,0,0.0
1994-12-01 00:00:00+00:00,150.1,7.813809523809524,5.45,3486.4,5.5,9.198,,0,0.0
1995-01-01 00:00:00+00:00,150.5,7.779499999999999,5.53,3492.4,5.6,9.1475,7522.29,1,0.0
1995-02-01 00:00:00+00:00,150.9,7.469473684210527,5.92,3489.9,5.4,8.8275,,0,0.0
1995-03-01 00:00:00+00:00,151.2,7.204782608695651,5.98,3491.1,5.4,8.462,,0,0.0
1995-04-01 00:00:00+00:00,151.8,7.06263157894737,6.05,3499.2,5.8,8.32,7581.0,1,0.0
1995-05-01 00:00:00+00:00,152.1,6.632727272727272,6.01,3524.2,5.6,7.955,,0,0.0
1995-06-01 00:00:00+00:00,152.4,6.168181818181818,6.0,3548.9,5.6,7.566,,0,0.0
1995-07-01 00:00:00+00:00,152.6,6.2780000000000005,5.85,3567.4,5.7,7.6075,7683.13,1,0.0
1995-08-01 00:00:00+00:00,152.9,6.488260869565219,5.74,3589.0,5.7,7.86,,0,0.0
1995-09-01 00:00:00+00:00,153.1,6.1975,5.8,3602.1,5.6,7.636,,0,0.0
1995-10-01 00:00:00+00:00,153.5,6.044761904761906,5.76,3613.4,5.5,7.475,7772.59,1,0.0
1995-11-01 00:00:00+00:00,153.7,5.930476190476189,5.8,3619.9,5.6,7.3774999999999995,,0,0.0
1995-12-01 00:00:00+00:00,153.9,5.711499999999999,5.6,3629.5,5.6,7.2,,0,0.0
1996-01-01 00:00:00+00:00,154.7,5.652380952380953,5.56,3647.9,5.6,7.029999999999999,7868.47,1,0.0
1996-02-01 00:00:00+00:00,155.0,5.8055,5.22,3661.8,5.5,7.075,,0,0.0
1996-03-01 00:00:00+00:00,155.5,6.268571428571428,5.31,3686.9,5.5,7.624,,0,0.0
1996-04-01 00:00:00+00:00,156.1,6.511363636363637,5.22,3697.7,5.6,7.925000000000001,8032.84,1,0.0
1996-05-01 00:00:00+00:00,156.4,6.736818181818182,5.24,3709.6,5.6,8.07,,0,0.0
1996-06-01 00:00:00+00:00,156.7,6.911999999999999,5.27,3722.5,5.3,8.32,,0,0.0
1996-07-01 00:00:00+00:00,157.0,6.865454545454546,5.4,3737.1,5.5,8.245000000000001,8131.41,1,0.0
1996-08-01 00:00:00+00:00,157.2,6.6354545454545475,5.22,3744.0,5.1,8.001999999999999,,0,0.0
1996-09-01 00:00:00+00:00,157.7,6.831999999999999,5.3,3753.4,5.2,8.23,,0,0.0
1996-10-01 00:00:00+00:00,158.2,6.533636363636364,5.24,3772.8,5.2,7.915,8259.77,1,0.0
1996-11-01 00:00:00+00:00,158.7,6.203684210526316,5.31,3795.1,5.4,7.618,,0,0.0
1996-12-01 00:00:00+00:00,159.1,6.302380952380952,5.29,3818.6,5.4,7.5975,,0,0.0
1997-01-01 00:00:00+00:00,159.4,6.579047619047619,5.25,3834.6,5.3,7.824000000000001,8362.66,1,0.0
1997-02-01 00:00:00+00:00,159.7,6.419473684210526,5.19,3846.3,5.2,7.65,,0,0.0
1997-03-01 00:00:00+00:00,159.8,6.6945,5.39,3861.2,5.2,7.8975,,0,0.0
1997-04-01 00:00:00+00:00,159.9,6.885454545454547,5.51,3877.0,5.1,8.1425,8518.83,1,0.0
1997-05-01 00:00:00+00:00,159.9,6.71095238095238,5.5,3889.2,4.9,7.944,,0,0.0
1997-06-01 00:00:00+00:00,160.2,6.493809523809525,5.56,3906.0,5.0,7.6899999999999995,,0,0.0
1997-07-01 00:00:00+00:00,160.4,6.220454545454545,5.52,3923.9,4.9,7.4975,8662.82,1,0.0
1997-08-01 00:00:00+00:00,160.8,6.298571428571426,5.54,3957.4,4.8,7.4799999999999995,,0,0.0
1997-09-01 00:00:00+00:00,161.2,6.208571428571428,5.54,3973.1,4.9,7.430000000000001,,0,0.0
1997-10-01 00:00:00+00:00,161.5,6.029545454545456,5.5,3992.3,4.7,7.294,8765.91,1,0.0
1997-11-01 00:00:00+00:00,161.7,5.874999999999999,5.52,4014.8,4.6,7.205,,0,0.0
1997-12-01 00:00:00+00:00,161.8,5.8086363636363645,5.5,4032.9,4.7,7.095000000000001,,0,0.0
1998-01-01 00:00:00+00:00,162.0,5.544500000000001,5.56,4056.2,4.6,6.994,8866.48,1,0.0
1998-02-01 00:00:00+00:00,162.0,5.574736842105264,5.51,4088.9,4.6,7.0424999999999995,,0,0.0
1998-03-01 00:00:00+00:00,162.0,5.647272727272727,5.49,4114.3,4.7,7.1274999999999995,,0,0.0
1998-04-01 00:00:00+00:00,162.2,5.637619047619048,5.45,4140.2,4.3,7.140000000000001,8969.7,1,0.0
1998-05-01 00:00:00+00:00,162.6,5.652500000000002,5.49,4164.4,4.4,7.144,,0,0.0
1998-06-01 00:00:00+00:00,162.8,5.496363636363635,5.56,4184.1,4.5,6.9975000000000005,,0,0.0
1998-07-01 00:00:00+00:00,163.2,5.461363636363637,5.54,4203.8,4.5,6.952000000000001,9121.1,1,0.0
1998-08-01 00:00:00+00:00,163.4,5.341904761904762,5.55,4228.7,4.5,6.922500000000001,,0,0.0
1998-09-01 00:00:00+00:00,163.5,4.806666666666667,5.51,4267.7,4.6,6.7225,,0,0.0
1998-10-01 00:00:00+00:00,163.9,4.529999999999999,5.07,4307.9,4.5,6.710000000000001,9293.99,1,0.0
1998-11-01 00:00:00+00:00,164.1,4.827368421052632,4.83,4346.6,4.4,6.865,,0,0.0
1998-12-01 00:00:00+00:00,164.4,4.6450000000000005,4.68,4375.6,4.4,6.7379999999999995,,0,0.0
1999-01-01 00:00:00+00:00,164.7,4.7221052631578955,4.63,4403.0,4.3,6.785,9411.68,1,0.0
1999-02-01 00:00:00+00:00,164.7,4.998947368421053,4.76,4425.8,4.4,6.8075,,0,0.0
1999-03-01 00:00:00+00:00,164.8,5.232608695652173,4.81,4432.6,4.2,7.04,,0,0.0
1999-04-01 00:00:00+00:00,165.9,5.184545454545454,4.74,4461.4,4.3,6.9159999999999995,9526.21,1,0.0
1999-05-01 00:00:00+00:00,166.0,5.539499999999999,4.74,4486.1,4.2,7.1450000000000005,,0,0.0
1999-06-01 00:00:00+00:00,166.0,5.899545454545454,4.76,4508.0,4.3,7.55,,0,0.0
1999-07-01 00:00:00+00:00,166.7,5.791904761904762,4.99,4535.4,4.3,7.632,9686.63,1,0.0
1999-08-01 00:00:00+00:00,167.1,5.9390909090909085,5.07,4552.7,4.2,7.9425,,0,0.0
1999-09-01 00:00:00+00:00,167.8,5.915238095238096,5.22,4568.8,4.2,7.8225,,0,0.0
1999-10-01 00:00:00+00:00,168.1,6.111999999999999,5.2,4592.7,4.1,7.851999999999999,9900.17,1,0.0
1999-11-01 00:00:00+00:00,168.4,6.034000000000001,5.42,4611.8,4.1,7.7375,,0,0.0
1999-12-01 00:00:00+00:00,168.8,6.2754545454545445,5.3,4639.3,4.0,7.912000000000001,,0,0.0
2000-01-01 00:00:00+00:00,169.3,6.661000000000001,5.45,4667.6,4.0,8.209999999999999,10002.18,1,0.0
2000-02-01 00:00:00+00:00,170.0,6.519499999999999,5.73,4680.9,4.1,8.325000000000001,,0,0.0
2000-03-01 00:00:00+00:00,171.0,6.256521739130435,5.85,4711.7,4.0,8.24,,0,0.0
2000-04-01 00:00:00+00:00,170.9,5.990526315789474,6.02,4767.8,3.8,8.1525,10247.72,1,0.0
2000-05-01 00:00:00+00:00,171.2,6.440454545454545,6.27,4755.7,4.0,8.514999999999999,,0,0.0
2000-06-01 00:00:00+00:00,172.2,6.097272727272727,6.53,4773.6,4.0,8.288,,0,0.0
2000-07-01 00:00:00+00:00,172.7,6.054000000000001,6.54,4791.3,4.0,8.1475,10318.17,1,0.0
2000-08-01 00:00:00+00:00,172.7,5.826086956521739,6.5,4819.5,4.1,8.0275,,0,0.0
2000-09-01 00:00:00+00:00,173.6,5.799,6.52,4855.2,3.9,7.912000000000001,,0,0.0
2000-10-01 00:00:00+00:00,173.9,5.738571428571428,6.51,4871.3,3.9,7.795,10435.74,1,0.0
2000-11-01 00:00:00+00:00,174.2,5.717142857142857,6.51,4882.7,3.9,7.745,,0,0.0
2000-12-01 00:00:00+00:00,174.6,5.2405,6.4,4927.6,3.9,7.382000000000001,,0,0.0
2001-01-01 00:00:00+00:00,175.6,5.160952380952382,5.98,4978.3,4.2,7.032500000000001,10470.23,1,0.0
2001-02-01 00:00:00+00:00,176.0,5.098947368421053,5.49,5017.0,4.2,7.05,,0,0.0
2001-03-01 00:00:00+00:00,176.1,4.885454545454545,5.31,5074.8,4.3,6.952000000000001,,0,0.0
2001-04-01 00:00:00+00:00,176.4,5.141,4.8,5139.1,4.4,7.077500000000001,10599.0,1,1.0
2001-05-01 00:00:00+00:00,177.3,5.391363636363636,4.21,5137.2,4.3,7.145,,0,1.0
2001-06-01 00:00:00+00:00,177.7,5.284285714285714,3.97,5180.1,4.5,7.160000000000001,,0,1.0
2001-07-01 00:00:00+00:00,177.4,5.236190476190475,3.77,5210.0,4.6,7.1275,10598.02,1,1.0
2001-08-01 00:00:00+00:00,177.4,4.971304347826086,3.65,5243.8,4.9,6.95,,0,1.0
2001-09-01 00:00:00+00:00,178.1,4.731764705882353,3.07,5355.1,5.0,6.8175,,0,1.0
2001-10-01 00:00:00+00:00,177.6,4.566818181818181,2.49,5343.8,5.3,6.6175,10660.47,1,1.0
2001-11-01 00:00:00+00:00,177.5,4.6515,2.09,5387.5,5.5,6.6579999999999995,,0,1.0
2001-12-01 00:00:00+00:00,177.4,5.0875,1.82,5440.5,5.7,7.065,,0,0.0
2002-01-01 00:00:00+00:00,177.7,5.035714285714285,1.73,5460.9,5.7,6.9975000000000005,10783.5,1,0.0
2002-02-01 00:00:00+00:00,178.0,4.911578947368421,1.74,5490.2,5.7,6.892499999999999,,0,0.0
2002-03-01 00:00:00+00:00,178.5,5.284,1.73,5502.0,5.7,7.014,,0,0.0
2002-04-01 00:00:00+00:00,179.3,5.21090909090909,1.75,5502.1,5.9,6.985,10887.46,1,0.0
2002-05-01 00:00:00+00:00,179.5,5.164545454545453,1.75,5528.3,5.8,6.806,,0,0.0
2002-06-01 00:00:00+00:00,179.6,4.9265,1.75,5553.3,5.8,6.65,,0,0.0
2002-07-01 00:00:00+00:00,180.0,4.653181818181819,1.73,5596.0,5.8,6.485,10984.04,1,0.0
2002-08-01 00:00:00+00:00,180.5,4.257272727272727,1.74,5638.3,5.7,6.289999999999999,,0,0.0
2002-09-01 00:00:00+00:00,180.8,3.8699999999999997,1.75,5662.3,5.7,6.092499999999999,,0,0.0
2002-10-01 00:00:00+00:00,181.2,3.940909090909091,1.75,5707.1,5.7,6.1125,11061.43,1,0.0
2002-11-01 00:00:00+00:00,181.5,4.048421052631579,1.34,5758.1,5.9,6.068,,0,0.0
2002-12-01 00:00:00+00:00,181.8,4.032380952380952,1.24,5779.4,6.0,6.0475,,0,0.0
2003-01-01 00:00:00+00:00,182.6,4.048571428571429,1.24,5812.1,5.8,5.9159999999999995,11174.13,1,0.0
2003-02-01 00:00:00+00:00,183.6,3.902631578947368,1.26,5848.2,5.9,5.842499999999999,,0,0.0
2003-03-01 00:00:00+00:00,183.9,3.8071428571428574,1.25,5868.4,5.9,5.745,,0,0.0
2003-04-01 00:00:00+00:00,183.2,3.958571428571428,1.26,5905.5,6.0,5.8125,11312.77,1,0.0
2003-05-01 00:00:00+00:00,182.9,3.5690476190476197,1.26,5965.3,6.1,5.484,,0,0.0
2003-06-01 00:00:00+00:00,183.1,3.334285714285715,1.22,6002.2,6.3,5.23,,0,0.0
2003-07-01 00:00:00+00:00,183.7,3.975454545454545,1.01,6049.1,6.2,5.6325,11566.67,1,0.0
2003-08-01 00:00:00+00:00,184.5,4.445238095238095,1.03,6107.1,6.1,6.264,,0,0.0
2003-09-01 00:00:00+00:00,185.1,4.274285714285715,1.01,6079.7,6.1,6.1475,,0,0.0
2003-10-01 00:00:00+00:00,184.9,4.290454545454545,1.01,6070.0,6.0,5.952,11772.23,1,0.0
2003-11-01 00:00:00+00:00,185.0,4.300000000000001,1.0,6075.5,5.8,5.932500000000001,,0,0.0
2003-12-01 00:00:00+00:00,185.5,4.267727272727273,0.98,6073.8,5.7,5.8759999999999994,,0,0.0
2004-01-01 00:00:00+00:00,186.3,4.150499999999999,1.0,6082.1,5.7,5.7125,11923.45,1,0.0
2004-02-01 00:00:00+00:00,186.7,4.084210526315789,1.01,6121.8,5.6,5.635,,0,0.0
2004-03-01 00:00:00+00:00,187.1,3.826521739130435,1.0,6157.9,5.8,5.445,,0,0.0
2004-04-01 00:00:00+00:00,187.4,4.347619047619047,1.0,6198.9,5.6,5.83,12112.82,1,0.0
2004-05-01 00:00:00+00:00,188.2,4.7155000000000005,1.0,6275.7,5.6,6.2700000000000005,,0,0.0
2004-06-01 00:00:00+00:00,188.9,4.733809523809525,1.03,6277.9,5.6,6.2875,,0,0.0
2004-07-01 00:00:00+00:00,189.1,4.498095238095239,1.26,6291.1,5.5,6.056,12305.31,1,0.0
2004-08-01 00:00:00+00:00,189.2,4.281363636363636,1.43,6317.8,5.4,5.8675,,0,0.0
2004-09-01 00:00:00+00:00,189.8,4.1257142857142854,1.61,6352.2,5.4,5.754,,0,0.0
2004-10-01 00:00:00+00:00,190.8,4.0969999999999995,1.76,6379.8,5.5,5.7225,12527.21,1,0.0
2004-11-01 00:00:00+00:00,191.7,4.194000000000001,1.93,6406.3,5.4,5.73,,0,0.0
2004-12-01 00:00:00+00:00,191.7,4.2309090909090905,2.16,6424.5,5.4,5.752,,0,0.0
2005-01-01 00:00:00+00:00,191.6,4.221500000000001,2.28,6430.8,5.3,5.71,12767.29,1,0.0
2005-02-01 00:00:00+00:00,192.4,4.165263157894737,2.5,6438.9,5.4,5.6275,,0,0.0
2005-03-01 00:00:00+00:00,193.1,4.497727272727271,2.63,6448.3,5.2,5.928,,0,0.0
2005-04-01 00:00:00+00:00,193.7,4.3409523809523805,2.79,6461.8,5.2,5.855,12922.66,1,0.0
2005-05-01 00:00:00+00:00,193.6,4.144285714285714,3.0,6479.0,5.1,5.720000000000001,,0,0.0
2005-06-01 00:00:00+00:00,193.7,3.9981818181818185,3.04,6511.7,5.0,5.582,,0,0.0
2005-07-01 00:00:00+00:00,194.9,4.1775,3.26,6543.5,5.0,5.695,13142.64,1,0.0
2005-08-01 00:00:00+00:00,196.1,4.262608695652174,3.5,6576.3,4.9,5.82,,0,0.0
2005-09-01 00:00:00+00:00,198.8,4.19904761904762,3.62,6610.1,5.0,5.774,,0,0.0
2005-10-01 00:00:00+00:00,199.1,4.463500000000001,3.78,6643.9,5.0,6.0649999999999995,13324.2,1,0.0
2005-11-01 00:00:00+00:00,198.1,4.534999999999999,4.0,6660.7,5.0,6.33,,0,0.0
2005-12-01 00:00:00+00:00,198.1,4.467142857142857,4.16,6687.8,4.9,6.272,,0,0.0
2006-01-01 00:00:00+00:00,199.3,4.416,4.29,6730.1,4.7,6.1450000000000005,13599.16,1,0.0
2006-02-01 00:00:00+00:00,199.4,4.568947368421052,4.49,6754.7,4.8,6.2524999999999995,,0,0.0
2006-03-01 00:00:00+00:00,199.7,4.7239130434782615,4.59,6769.3,4.7,6.324,,0,0.0
2006-04-01 00:00:00+00:00,200.7,4.990526315789474,4.79,6806.9,4.7,6.5075,13753.42,1,0.0
2006-05-01 00:00:00+00:00,201.3,5.11,4.94,6813.7,4.6,6.5975,,0,0.0
2006-06-01 00:00:00+00:00,201.8,5.106363636363636,4.99,6851.8,4.6,6.6819999999999995,,0,0.0
2006-07-01 00:00:00+00:00,202.9,5.0875,5.24,6893.6,4.7,6.7625,13870.19,1,0.0
2006-08-01 00:00:00+00:00,203.8,4.876521739130435,5.25,6925.1,4.7,6.523999999999999,,0,0.0
2006-09-01 00:00:00+00:00,202.8,4.719,5.25,6952.4,4.5,6.402499999999999,,0,0.0
2006-10-01 00:00:00+00:00,201.9,4.72904761904762,5.25,7001.7,4.4,6.3575,14039.56,1,0.0
2006-11-01 00:00:00+00:00,202.0,4.595238095238095,5.25,7037.2,4.5,6.24,,0,0.0
2006-12-01 00:00:00+00:00,203.1,4.5645,5.24,7080.1,4.4,6.135,,0,0.0
2007-01-01 00:00:00+00:00,203.44,4.7595238095238095,5.25,7118.3,4.6,6.2175,14215.65,1,0.0
2007-02-01 00:00:00+00:00,204.23,4.722631578947369,5.26,7134.3,4.5,6.285,,0,0.0
2007-03-01 00:00:00+00:00,205.29,4.5645454545454545,5.26,7168.2,4.4,6.156000000000001,,0,0.0
2007-04-01 00:00:00+00:00,205.9,4.693809523809523,5.25,7240.7,4.5,6.180000000000001,14402.08,1,0.0
2007-05-01 00:00:00+00:00,206.76,4.746363636363636,5.25,7254.6,4.4,6.2620000000000005,,0,0.0
2007-06-01 00:00:00+00:00,207.23,5.102857142857142,5.25,7287.8,4.6,6.657500000000001,,0,0.0
2007-07-01 00:00:00+00:00,207.6,5.0042857142857144,5.26,7318.7,4.7,6.695,14564.12,1,0.0
2007-08-01 00:00:00+00:00,207.67,4.6747826086956525,5.02,7394.8,4.6,6.572,,0,0.0
2007-09-01 00:00:00+00:00,208.55,4.52157894736842,4.94,7413.0,4.7,6.3825,,0,0.0
2007-10-01 00:00:00+00:00,209.19,4.527727272727272,4.76,7428.1,4.7,6.375,14715.06,1,0.0
2007-11-01 00:00:00+00:00,210.83,4.1485,4.49,7453.6,4.7,6.208,,0,0.0
2007-12-01 00:00:00+00:00,211.45,4.0975,4.24,7483.9,5.0,6.095000000000001,,0,0.0
2008-01-01 00:00:00+00:00,212.17,3.7442857142857147,3.94,7517.5,5.0,5.758000000000001,14706.54,1,1.0
2008-02-01 00:00:00+00:00,212.69,3.7375,2.98,7604.0,4.9,5.9175,,0,1.0
2008-03-01 00:00:00+00:00,213.45,3.5100000000000002,2.61,7670.0,5.1,5.970000000000001,,0,1.0
2008-04-01 00:00:00+00:00,213.94,3.675,2.28,7712.5,5.0,5.9175,14865.7,1,1.0
2008-05-01 00:00:00+00:00,215.21,3.880000000000001,1.98,7725.2,5.4,6.036,,0,1.0
2008-06-01 00:00:00+00:00,217.46,4.0995238095238085,2.0,7743.9,5.6,6.319999999999999,,0,1.0
2008-07-01 00:00:00+00:00,219.02,4.007727272727273,2.01,7791.2,5.8,6.425999999999999,14899.0,1,1.0
2008-08-01 00:00:00+00:00,218.69,3.885714285714286,2.0,7805.8,6.1,6.477499999999999,,0,1.0
2008-09-01 00:00:00+00:00,218.88,3.6861904761904754,1.81,7872.4,6.1,6.0375,,0,1.0
2008-10-01 00:00:00+00:00,217.0,3.8140909090909094,0.97,7974.9,6.5,6.2,14608.21,1,1.0
2008-11-01 00:00:00+00:00,213.15,3.5266666666666673,0.39,8027.0,6.8,6.0874999999999995,,0,1.0
2008-12-01 00:00:00+00:00,211.4,2.4163636363636374,0.16,8204.7,7.3,5.286,,0,1.0
2009-01-01 00:00:00+00:00,211.93,2.517499999999999,0.15,8289.0,7.8,5.047499999999999,14430.9,1,1.0
2009-02-01 00:00:00+00:00,212.71,2.8700000000000006,0.22,8319.3,8.3,5.13,,0,1.0
2009-03-01 00:00:00+00:00,212.5,2.819545454545455,0.18,8386.4,8.7,5.0024999999999995,,0,1.0
2009-04-01 00:00:00+00:00,212.71,2.927142857142857,0.15,8391.1,9.0,4.8100000000000005,14381.24,1,1.0
2009-05-01 00:00:00+00:00,213.02,3.2930000000000006,0.18,8449.2,9.4,4.8575,,0,1.0
2009-06-01 00:00:00+00:00,214.79,3.7218181818181817,0.21,8459.3,9.5,5.42,,0,1.0
2009-07-01 00:00:00+00:00,214.73,3.5622727272727275,0.16,8463.5,9.5,5.2219999999999995,14448.88,1,0.0
2009-08-01 00:00:00+00:00,215.45,3.587142857142857,0.16,8463.0,9.6,5.1925,,0,0.0
2009-09-01 00:00:00+00:00,215.86,3.401904761904762,0.15,8461.6,9.8,5.0575,,0,0.0
2009-10-01 00:00:00+00:00,216.51,3.3876190476190478,0.12,8487.9,10.0,4.952,14651.25,1,0.0
2009-11-01 00:00:00+00:00,217.23,3.402631578947368,0.12,8517.0,9.9,4.875,,0,0.0
2009-12-01 00:00:00+00:00,217.35,3.589999999999999,0.12,8512.2,9.9,4.930000000000001,,0,0.0
2010-01-01 00:00:00+00:00,217.49,3.7331578947368427,0.11,8477.7,9.8,5.029999999999999,14764.61,1,0.0
2010-02-01 00:00:00+00:00,217.28,3.691052631578947,0.13,8527.3,9.8,4.99,,0,0.0
2010-03-01 00:00:00+00:00,217.35,3.7273913043478255,0.16,8523.5,9.9,4.967499999999999,,0,0.0
2010-04-01 00:00:00+00:00,217.4,3.8468181818181817,0.2,8554.8,9.9,5.098,14980.19,1,0.0
2010-05-01 00:00:00+00:00,217.29,3.4199999999999995,0.2,8609.0,9.6,4.8875,,0,0.0
2010-06-01 00:00:00+00:00,217.2,3.2040909090909095,0.18,8628.1,9.4,4.7375,,0,0.0
2010-07-01 00:00:00+00:00,217.61,3.0114285714285716,0.18,8639.5,9.4,4.564,15141.61,1,0.0
2010-08-01 00:00:00+00:00,217.92,2.6986363636363637,0.19,8687.9,9.5,4.4275,,0,0.0
2010-09-01 00:00:00+00:00,218.28,2.6476190476190475,0.19,8718.7,9.5,4.346,,0,0.0
2010-10-01 00:00:00+00:00,219.04,2.54,0.19,8768.4,9.4,4.2250000000000005,15309.47,1,0.0
2010-11-01 00:00:00+00:00,219.59,2.7630000000000003,0.19,8789.0,9.8,4.300000000000001,,0,0.0
2010-12-01 00:00:00+00:00,220.47,3.2909090909090906,0.18,8823.2,9.3,4.714,,0,0.0
2011-01-01 00:00:00+00:00,221.19,3.3940000000000006,0.17,8849.0,9.1,4.755,15351.45,1,0.0
2011-02-01 00:00:00+00:00,221.9,3.5763157894736834,0.16,8913.3,9.0,4.9525,,0,0.0
2011-03-01 00:00:00+00:00,223.05,3.414347826086956,0.14,8971.5,9.0,4.836,,0,0.0
2011-04-01 00:00:00+00:00,224.09,3.4549999999999996,0.1,9035.1,9.1,4.840000000000001,15557.54,1,0.0
2011-05-01 00:00:00+00:00,224.81,3.168571428571429,0.09,9107.8,9.0,4.637499999999999,,0,0.0
2011-06-01 00:00:00+00:00,224.81,3.002272727272727,0.09,9182.1,9.1,4.51,,0,0.0
2011-07-01 00:00:00+00:00,225.4,3.003,0.07,9344.2,9.0,4.545,15647.68,1,0.0
2011-08-01 00:00:00+00:00,226.11,2.303043478260869,0.1,9531.0,9.0,4.2700000000000005,,0,0.0
2011-09-01 00:00:00+00:00,226.6,1.9752380952380955,0.08,9551.5,9.0,4.106,,0,0.0
2011-10-01 00:00:00+00:00,226.75,2.1519999999999997,0.07,9584.4,8.8,4.067500000000001,15842.26,1,0.0
2011-11-01 00:00:00+00:00,227.17,2.0134999999999996,0.08,9636.5,8.6,3.9925,,0,0.0
2011-12-01 00:00:00+00:00,227.22,1.9780952380952384,0.07,9683.9,8.5,3.9579999999999997,,0,0.0
2012-01-01 00:00:00+00:00,227.84,1.9664999999999995,0.08,9757.6,8.3,3.915,16068.81,1,0.0
2012-02-01 00:00:00+00:00,228.33,1.9674999999999998,0.1,9809.8,8.3,3.8899999999999997,,0,0.0
2012-03-01 00:00:00+00:00,228.81,2.1727272727272724,0.13,9853.9,8.2,3.9539999999999997,,0,0.0
2012-04-01 00:00:00+00:00,229.19,2.0528571428571425,0.14,9907.7,8.2,3.91,16207.12,1,0.0
2012-05-01 00:00:00+00:00,228.71,1.8031818181818189,0.16,9951.4,8.2,3.7980000000000005,,0,0.0
2012-06-01 00:00:00+00:00,228.52,1.6223809523809525,0.16,10021.6,8.2,3.675,,0,0.0
2012-07-01 00:00:00+00:00,228.59,1.5266666666666664,0.16,10074.5,8.2,3.55,16319.54,1,0.0
2012-08-01 00:00:00+00:00,229.92,1.6782608695652175,0.13,10145.6,8.1,3.6019999999999994,,0,0.0
2012-09-01 00:00:00+00:00,231.02,1.7231578947368422,0.14,10226.1,7.8,3.4975,,0,0.0
2012-10-01 00:00:00+00:00,231.64,1.7461904761904758,0.16,10292.4,7.8,3.3825000000000003,16420.42,1,0.0
2012-11-01 00:00:00+00:00,231.25,1.654,0.16,10361.9,7.7,3.3519999999999994,,0,0.0
2012-12-01 00:00:00+00:00,231.22,1.7189999999999999,0.16,10484.1,7.9,3.345,,0,0.0
2013-01-01 00:00:00+00:00,231.68,1.9147619047619049,0.14,10508.1,8.0,3.414,16648.19,1,0.0
2013-02-01 00:00:00+00:00,232.94,1.9842105263157896,0.15,10527.5,7.7,3.5324999999999998,,0,0.0
2013-03-01 00:00:00+00:00,232.28,1.9575,0.14,10583.8,7.5,3.5650000000000004,,0,0.0
2013-04-01 00:00:00+00:00,231.8,1.7590909090909093,0.15,10611.3,7.6,3.4450000000000003,16728.69,1,0.0
2013-05-01 00:00:00+00:00,231.89,1.9281818181818182,0.11,10646.1,7.5,3.536,,0,0.0
2013-06-01 00:00:00+00:00,232.45,2.3000000000000003,0.09,10703.3,7.5,4.07,,0,0.0
2013-07-01 00:00:00+00:00,232.9,2.5822727272727275,0.09,10742.8,7.3,4.37,16953.84,1,0.0
2013-08-01 00:00:00+00:00,233.46,2.7372727272727273,0.08,10801.2,7.2,4.456,,0,0.0
2013-09-01 00:00:00+00:00,233.54,2.8095,0.08,10862.0,7.2,4.49,,0,0.0
2013-10-01 00:00:00+00:00,233.67,2.615909090909091,0.09,10986.3,7.2,4.192,17192.02,1,0.0
2013-11-01 00:00:00+00:00,234.1,2.7184210526315793,0.08,10995.6,6.9,4.255,,0,0.0
2013-12-01 00:00:00+00:00,234.72,2.901904761904762,0.09,11060.1,6.7,4.4575,,0,0.0
2014-01-01 00:00:00+00:00,235.29,2.858095238095238,0.07,11130.8,6.6,4.432,17197.74,1,0.0
2014-02-01 00:00:00+00:00,235.55,2.7094736842105265,0.07,11196.8,6.7,4.3025,,0,0.0
2014-03-01 00:00:00+00:00,236.03,2.7233333333333327,0.08,11232.6,6.7,4.3425,,0,0.0
2014-04-01 00:00:00+00:00,236.47,2.705238095238095,0.09,11277.7,6.2,4.3375,17518.51,1,0.0
2014-05-01 00:00:00+00:00,236.92,2.559047619047619,0.09,11342.8,6.3,4.192,,0,0.0
2014-06-01 00:00:00+00:00,237.23,2.5985714285714288,0.1,11398.1,6.1,4.1625,,0,0.0
2014-07-01 00:00:00+00:00,237.5,2.542272727272727,0.09,11453.0,6.2,4.13,17804.23,1,0.0
2014-08-01 00:00:00+00:00,237.46,2.42,0.09,11477.3,6.1,4.115,,0,0.0
2014-09-01 00:00:00+00:00,237.48,2.5342857142857147,0.09,11519.1,5.9,4.1625,,0,0.0
2014-10-01 00:00:00+00:00,237.43,2.304090909090909,0.09,11593.1,5.7,4.0360000000000005,17912.08,1,0.0
2014-11-01 00:00:00+00:00,236.98,2.325555555555556,0.09,11634.2,5.8,3.9975,,0,0.0
2014-12-01 00:00:00+00:00,236.25,2.2072727272727275,0.12,11717.6,5.6,3.864,,0,0.0
2015-01-01 00:00:00+00:00,234.75,1.8814999999999997,0.11,11805.2,5.7,3.67,18063.53,1,0.0
2015-02-01 00:00:00+00:00,235.34,1.9752631578947366,0.11,11922.8,5.5,3.71,,0,0.0
2015-03-01 00:00:00+00:00,235.98,2.042727272727273,0.11,11920.5,5.4,3.7699999999999996,,0,0.0
2015-04-01 00:00:00+00:00,236.22,1.9349999999999996,0.12,11954.6,5.4,3.6720000000000006,18279.78,1,0.0
2015-05-01 00:00:00+00:00,237.0,2.1975000000000002,0.12,11982.6,5.6,3.84,,0,0.0
2015-06-01 00:00:00+00:00,237.66,2.3636363636363638,0.13,12023.2,5.3,3.9825,,0,0.0
2015-07-01 00:00:00+00:00,238.03,2.3245454545454547,0.13,12067.0,5.2,4.046,18401.63,1,0.0
2015-08-01 00:00:00+00:00,238.03,2.167142857142857,0.14,12112.0,5.1,3.905,,0,0.0
2015-09-01 00:00:00+00:00,237.5,2.1728571428571435,0.14,12173.9,5.0,3.8899999999999997,,0,0.0
2015-10-01 00:00:00+00:00,237.73,2.0699999999999994,0.12,12225.2,5.0,3.7959999999999994,18435.14,1,0.0
2015-11-01 00:00:00+00:00,238.02,2.2631578947368416,0.12,12317.0,5.1,3.9425,,0,0.0
2015-12-01 00:00:00+00:00,237.76,2.2427272727272736,0.24,12387.9,5.0,3.964,,0,0.0
2016-01-01 00:00:00+00:00,237.65,2.085263157894737,0.34,12526.2,4.8,3.8725000000000005,18525.93,1,0.0
2016-02-01 00:00:00+00:00,237.34,1.7794999999999999,0.38,12599.1,4.9,3.66,,0,0.0
2016-03-01 00:00:00+00:00,238.08,1.889090909090909,0.36,12649.6,5.0,3.6940000000000004,,0,0.0
2016-04-01 00:00:00+00:00,238.99,1.8052380952380953,0.37,12728.7,5.1,3.605,18711.7,1,0.0
2016-05-01 00:00:00+00:00,239.56,1.8061904761904766,0.37,12796.3,4.8,3.6,,0,0.0
2016-06-01 00:00:00+00:00,240.22,1.6440909090909095,0.38,12856.9,4.9,3.568,,0,0.0
2016-07-01 00:00:00+00:00,240.1,1.504,0.39,12911.3,4.8,3.4400000000000004,18892.64,1,0.0
2016-08-01 00:00:00+00:00,240.55,1.5565217391304347,0.4,12995.8,4.9,3.435,,0,0.0
2016-09-01 00:00:00+00:00,241.18,1.6304761904761906,0.4,13056.7,5.0,3.46,,0,0.0
2016-10-01 00:00:00+00:00,241.74,1.7645000000000004,0.4,13130.0,4.9,3.47,19089.38,1,0.0
2016-11-01 00:00:00+00:00,242.03,2.142,0.41,13204.0,4.7,3.7699999999999996,,0,0.0
2016-12-01 00:00:00+00:00,242.64,2.491904761904762,0.54,13248.7,4.7,4.198,,0,0.0
2017-01-01 00:00:00+00:00,243.62,2.4325,0.65,13324.3,4.7,4.15,19280.08,1,0.0
2017-02-01 00:00:00+00:00,244.01,2.4189473684210525,0.66,13391.8,4.6,4.1675,,0,0.0
2017-03-01 00:00:00+00:00,243.89,2.4817391304347827,0.79,13452.7,4.4,4.196,,0,0.0
2017-04-01 00:00:00+00:00,244.19,2.297368421052632,0.9,13508.7,4.4,4.045,19438.64,1,0.0
2017-05-01 00:00:00+00:00,244.0,2.3036363636363633,0.91,13561.4,4.4,4.01,,0,0.0
2017-06-01 00:00:00+00:00,244.16,2.186818181818182,1.04,13583.3,4.3,3.904,,0,0.0
2017-07-01 00:00:00+00:00,244.24,2.3179999999999996,1.15,13640.4,4.3,3.9675,19692.6,1,0.0
2017-08-01 00:00:00+00:00,245.18,2.209130434782609,1.16,13699.8,4.4,3.88,,0,0.0
2017-09-01 00:00:00+00:00,246.44,2.2020000000000004,1.15,13748.9,4.3,3.805,,0,0.0
2017-10-01 00:00:00+00:00,246.63,2.3600000000000003,1.15,13808.1,4.2,3.895,20037.09,1,0.0
2017-11-01 00:00:00+00:00,247.28,2.353333333333333,1.16,13841.3,4.2,3.9219999999999997,,0,0.0
2017-12-01 00:00:00+00:00,247.81,2.4025,1.3,13899.7,4.1,3.95,,0,0.0
2018-01-01 00:00:00+00:00,248.86,2.5838095238095242,1.41,13910.2,4.0,4.032500000000001,20328.55,1,0.0
2018-02-01 00:00:00+00:00,249.53,2.8589473684210525,1.42,13947.2,4.1,4.33,,0,0.0
2018-03-01 00:00:00+00:00,249.58,2.8423809523809527,1.51,14003.5,4.0,4.444000000000001,,0,0.0
2018-04-01 00:00:00+00:00,250.23,2.869047619047619,1.69,14021.4,4.0,4.467499999999999,20580.91,1,0.0
2018-05-01 00:00:00+00:00,250.79,2.977727272727273,1.7,14077.4,3.8,4.586,,0,0.0
2018-06-01 00:00:00+00:00,251.02,2.9123809523809525,1.82,14137.7,4.0,4.57,,0,0.0
2018-07-01 00:00:00+00:00,251.21,2.8890476190476195,1.91,14171.1,3.8,4.5275,20798.73,1,0.0
2018-08-01 00:00:00+00:00,251.66,2.889130434782609,1.91,14219.4,3.8,4.549999999999999,,0,0.0
2018-09-01 00:00:00+00:00,252.18,3.004210526315789,1.95,14253.8,3.7,4.6275,,0,0.0
2018-10-01 00:00:00+00:00,252.77,3.152272727272728,2.19,14265.4,3.8,4.83,20917.87,1,0.0
2018-11-01 00:00:00+00:00,252.59,3.1170000000000004,2.2,14285.7,3.8,4.866,,0,0.0
2018-12-01 00:00:00+00:00,252.77,2.832631578947369,2.27,14407.5,3.9,4.6375,,0,0.0
2019-01-01 00:00:00+00:00,252.56,2.713809523809524,2.4,14471.5,4.0,4.464,21111.6,1,0.0
2019-02-01 00:00:00+00:00,253.32,2.676315789473684,2.4,14506.7,3.8,4.37,,0,0.0
2019-03-01 00:00:00+00:00,254.28,2.570952380952381,2.41,14550.5,3.8,4.265,,0,0.0
2019-04-01 00:00:00+00:00,255.23,2.532380952380952,2.42,14579.0,3.7,4.1425,21397.94,1,0.0
2019-05-01 00:00:00+00:00,255.3,2.395,2.39,14678.3,3.6,4.072,,0,0.0
2019-06-01 00:00:00+00:00,255.21,2.074,2.38,14798.6,3.6,3.8025,,0,0.0
2019-07-01 00:00:00+00:00,255.8,2.059090909090909,2.4,14881.8,3.7,3.765,21717.17,1,0.0
2019-08-01 00:00:00+00:00,256.04,1.6263636363636365,2.13,14964.1,3.6,3.6159999999999997,,0,0.0
2019-09-01 00:00:00+00:00,256.43,1.6994999999999998,2.04,15062.4,3.5,3.6050000000000004,,0,0.0
2019-10-01 00:00:00+00:00,257.16,1.706818181818182,1.83,15197.3,3.6,3.688,21933.22,1,0.0
2019-11-01 00:00:00+00:00,257.88,1.8121052631578947,1.55,15305.1,3.6,3.695,,0,0.0
2019-12-01 00:00:00+00:00,258.63,1.862857142857143,1.55,15373.7,3.6,3.72,,0,0.0
2020-01-01 00:00:00+00:00,259.13,1.7576190476190474,1.55,15443.2,3.6,3.6239999999999997,21751.24,1,0.0
2020-02-01 00:00:00+00:00,259.25,1.5042105263157894,1.58,15497.1,3.5,3.465,,0,0.0
2020-03-01 00:00:00+00:00,258.08,0.8699999999999997,0.65,16025.9,4.4,3.45,,0,1.0
2020-04-01 00:00:00+00:00,256.03,0.6576190476190478,0.05,17039.1,14.8,3.306,19958.29,1,1.0
2020-05-01 00:00:00+00:00,255.8,0.6739999999999998,0.05,17886.4,13.2,3.2325,,0,0.0
2020-06-01 00:00:00+00:00,257.04,0.7286363636363636,0.08,18173.5,11.0,3.1624999999999996,,0,0.0
2020-07-01 00:00:00+00:00,258.35,0.6236363636363635,0.09,18330.1,10.2,3.016,21704.44,1,0.0
2020-08-01 00:00:00+00:00,259.32,0.65,0.1,18396.3,8.4,2.935,,0,0.0
2020-09-01 00:00:00+00:00,260.0,0.6795238095238093,0.09,18628.8,7.8,2.89,,0,0.0
2020-10-01 00:00:00+00:00,260.32,0.787142857142857,0.09,18783.4,6.9,2.834,22087.16,1,0.0
2020-11-01 00:00:00+00:00,260.91,0.8700000000000001,0.09,19012.1,6.7,2.765,,0,0.0
2020-12-01 00:00:00+00:00,262.05,0.9336363636363636,0.09,19165.9,6.7,2.684,,0,0.0
2021-01-01 00:00:00+00:00,262.69,1.081052631578947,0.09,19392.5,6.4,2.735,22680.69,1,0.0
2021-02-01 00:00:00+00:00,263.58,1.2578947368421052,0.08,19628.2,6.2,2.81,,0,0.0
2021-03-01 00:00:00+00:00,264.96,1.6108695652173912,0.07,19852.2,6.1,3.0825,,0,0.0
2021-04-01 00:00:00+00:00,266.61,1.6349999999999996,0.07,20189.0,6.1,3.0600000000000005,23425.91,1,0.0
2021-05-01 00:00:00+00:00,268.38,1.6209999999999998,0.06,20457.0,5.8,2.9625000000000004,,0,0.0
2021-06-01 00:00:00+00:00,270.65,1.5190909090909088,0.08,20499.2,5.9,2.975,,0,0.0
2021-07-01 00:00:00+00:00,271.9,1.3185714285714287,0.1,20654.4,5.4,2.868,23982.38,1,0.0
2021-08-01 00:00:00+00:00,272.68,1.283181818181818,0.09,20837.0,5.1,2.8425000000000002,,0,0.0
2021-09-01 00:00:00+00:00,273.91,1.3747619047619046,0.08,21004.6,4.7,2.8999999999999995,,0,0.0
2021-10-01 00:00:00+00:00,276.55,1.5825,0.08,21168.0,4.5,3.0675,24813.6,1,0.0
2021-11-01 00:00:00+00:00,278.92,1.5594999999999999,0.08,21337.9,4.1,3.0675,,0,0.0
2021-12-01 00:00:00+00:00,280.85,1.465,0.08,21494.0,3.9,3.098,,0,0.0
2022-01-01 00:00:00+00:00,282.54,1.7639999999999998,0.08,21614.0,4.0,3.4450000000000003,25250.35,1,0.0
2022-02-01 00:00:00+00:00,284.5,1.9342105263157894,0.08,21712.7,3.9,3.7625,,0,0.0
2022-03-01 00:00:00+00:00,287.67,2.1278260869565218,0.2,21749.8,3.7,4.172,,0,0.0
2022-04-01 00:00:00+00:00,288.56,2.7475000000000005,0.33,21780.3,3.7,4.9825,25861.29,1,0.0
2022-05-01 00:00:00+00:00,291.3,2.8980952380952383,0.77,21723.2,3.6,5.23,,0,0.0
2022-06-01 00:00:00+00:00,294.96,3.1433333333333344,1.21,21676.8,3.6,5.522,,0,0.0
2022-07-01 00:00:00+00:00,294.91,2.896,1.68,21676.5,3.5,5.4125,26336.3,1,0.0
2022-08-01 00:00:00+00:00,295.1,2.8978260869565213,2.33,21644.0,3.6,5.2225,,0,0.0
2022-09-01 00:00:00+00:00,296.35,3.5190476190476194,2.56,21560.6,3.5,6.112,,0,0.0
2022-10-01 00:00:00+00:00,298.01,3.9834999999999994,3.08,21465.8,3.6,6.9,26770.51,1,0.0
2022-11-01 00:00:00+00:00,298.79,3.8910000000000005,3.78,21408.6,3.6,6.805,,0,0.0
2022-12-01 00:00:00+00:00,298.83,3.6161904761904755,4.1,21266.4,3.5,6.364,,0,0.0
2023-01-01 00:00:00+00:00,300.42,3.5315000000000003,4.33,21249.4,3.5,6.2725,27216.45,1,0.0
2023-02-01 00:00:00+00:00,301.45,3.7468421052631586,4.57,21226.9,3.6,6.2575,,0,0.0
2023-03-01 00:00:00+00:00,301.82,3.6630434782608687,4.65,20917.4,3.5,6.544,,0,0.0
2023-04-01 00:00:00+00:00,302.85,3.46,4.83,20770.4,3.4,6.3425,27530.06,1,0.0
2023-05-01 00:00:00+00:00,303.33,3.5736363636363637,5.06,20840.8,3.6,6.425,,0,0.0
2023-06-01 00:00:00+00:00,304.01,3.748095238095238,5.08,20823.8,3.6,6.714,,0,0.0
2023-07-01 00:00:00+00:00,304.61,3.8994999999999997,5.12,20815.5,3.5,6.84,28074.85,1,0.0
2023-08-01 00:00:00+00:00,306.08,4.167826086956523,5.33,20792.5,3.7,7.072,,0,0.0
2023-09-01 00:00:00+00:00,307.28,4.3790000000000004,5.33,20771.8,3.7,7.2,,0,0.0
2023-10-01 00:00:00+00:00,307.7,4.798095238095238,5.33,20737.1,3.9,7.62,28424.72,1,0.0
2023-11-01 00:00:00+00:00,308.15,4.502857142857143,5.33,20743.4,3.7,7.442,,0,0.0
2023-12-01 00:00:00+00:00,308.74,4.0200000000000005,5.33,20745.1,3.8,6.8149999999999995,,0,0.0
2024-01-01 00:00:00+00:00,309.7,4.058095238095238,5.33,20815.3,3.7,6.642500000000001,28708.16,1,0.0
2024-02-01 00:00:00+00:00,310.97,4.2075000000000005,5.33,20903.0,3.9,6.775999999999999,,0,0.0
2024-03-01 00:00:00+00:00,312.35,4.208499999999999,5.33,20943.8,3.9,6.82,,0,0.0
2024-04-01 00:00:00+00:00,313.02,4.53909090909091,5.33,20969.9,3.9,6.9925,29147.04,1,0.0
2024-05-01 00:00:00+00:00,313.18,4.482272727272727,5.33,21032.0,3.9,7.06,,0,0.0
2024-06-01 00:00:00+00:00,313.04,4.305263157894737,5.33,21094.6,4.1,6.9175,,0,0.0
2024-07-01 00:00:00+00:00,313.57,4.248636363636365,5.33,21122.6,4.2,6.8475,29511.66,1,0.0
2024-08-01 00:00:00+00:00,314.06,3.8709090909090906,5.33,21204.7,4.2,6.5,,0,0.0
2024-09-01 00:00:00+00:00,314.73,3.7235,5.13,21289.0,4.1,6.18,,0,0.0
2024-10-01 00:00:00+00:00,315.63,4.095454545454545,4.83,21337.0,4.1,6.428,29825.18,1,0.0
2024-11-01 00:00:00+00:00,316.53,4.35578947368421,4.64,21440.0,4.2,6.805,,0,0.0
2024-12-01 00:00:00+00:00,317.6,4.3914285714285715,4.48,21458.4,4.1,6.715,,0,0.0
2025-01-01 00:00:00+00:00,318.96,4.629047619047618,4.33,21519.7,4.0,6.958,30042.11,1,0.0
2025-02-01 00:00:00+00:00,319.68,4.451052631578947,4.33,21587.5,4.2,6.842499999999999,,0,0.0
2025-03-01 00:00:00+00:00,319.79,4.2804761904761905,4.33,21657.8,4.2,6.65,,0,0.0
2025-04-01 00:00:00+00:00,320.3,4.279047619047619,4.33,21792.0,4.2,6.725,30485.73,1,0.0
2025-05-01 00:00:00+00:00,320.62,4.423809523809526,4.33,21849.5,4.3,6.816,,0,0.0
2025-06-01 00:00:00+00:00,321.44,4.3835,4.33,21967.8,4.1,6.8175,,0,0.0
2025-07-01 00:00:00+00:00,322.17,4.3918181818181825,4.33,22046.6,4.3,6.720000000000001,31098.03,1,0.0
2025-08-01 00:00:00+00:00,323.29,4.2647619047619045,4.33,22105.5,4.3,6.5874999999999995,,0,0.0
2025-09-01 00:00:00+00:00,324.25,4.1204761904761895,4.22,22188.6,4.4,6.3525,,0,0.0
2025-10-01 00:00:00+00:00,,4.0618181818181816,4.09,22260.1,,6.2540000000000004,31490.07,1,0.0
2025-11-01 00:00:00+00:00,325.06,4.0938888888888885,3.88,22280.9,4.5,6.2375,,0,0.0
2025-12-01 00:00:00+00:00,326.03,4.1431818181818185,3.72,22366.2,4.4,6.19,,0,0.0
2026-01-01 00:00:00+00:00,326.59,4.2135,3.64,22442.1,4.3,6.102499999999999,,1,0.0
2026-02-01 00:00:00+00:00,,4.12578947368421,3.64,,4.4,6.0475,,0,0.0
2026-03-01 00:00:00+00:00,,4.0825,,,,6.0,,0,
